epoch,lr,train_loss,train_main_loss,train_aux_loss,train_adapter_mask32_loss,train_adapter_boundary32_loss,train_tcu_momentary_loss,train_tcu_gradual_loss,train_tcu_cumulative_loss,train_sumi_sufficiency_loss,train_sumi_ib_kl,train_sumi_source_adv_loss,train_background_suppression_loss,train_sumi_loss,train_adapter_alpha,train_adapter_gate_mean,train_tcu_alpha,train_tcu_gate_momentary_mean,train_tcu_gate_gradual_mean,train_tcu_gate_cumulative_mean,train_tcu_quality_mean,train_ttf_alpha,train_ttf_residual_energy,train_loss_total,train_loss_seg,train_loss_bce,train_loss_focal_bce,train_loss_dice,train_loss_edge,train_loss_tda,train_tda_weight,train_iou,train_f1,train_precision,train_recall,train_accuracy,train_temporal_encoder_enabled,train_ttf_enabled,train_ttf_patch_count,train_ttf_temporal_len,val_loss,val_main_loss,val_aux_loss,val_adapter_mask32_loss,val_adapter_boundary32_loss,val_tcu_momentary_loss,val_tcu_gradual_loss,val_tcu_cumulative_loss,val_sumi_sufficiency_loss,val_sumi_ib_kl,val_sumi_source_adv_loss,val_background_suppression_loss,val_sumi_loss,val_adapter_alpha,val_adapter_gate_mean,val_tcu_alpha,val_tcu_gate_momentary_mean,val_tcu_gate_gradual_mean,val_tcu_gate_cumulative_mean,val_tcu_quality_mean,val_ttf_alpha,val_ttf_residual_energy,val_loss_total,val_loss_seg,val_loss_bce,val_loss_focal_bce,val_loss_dice,val_loss_edge,val_loss_tda,val_tda_weight,val_iou,val_f1,val_precision,val_recall,val_accuracy,val_temporal_encoder_enabled,val_ttf_enabled,val_ttf_patch_count,val_ttf_temporal_len
339,7.75e-06,0.10287868,0.10287868,,,,,,,,,,,,,,,,,,,0.018504842,6.8911816e-05,0.10287868,0.10105659,,0.022813253,0.17929993,,0.036441779,0.05,0.77329186,0.86835473,0.84080949,0.90235117,0.98162485,1,1,1024,4,0.10329833,0.10329833,,,,,,,,,,,,,,,,,,,0.018445875,5.5388293e-05,0.10329833,0.1018745,,0.024927827,0.17882118,,0.02847663,0.05,0.78581297,0.86888946,0.87827481,0.87805382,0.98329789,1,1,1024,4
340,7.7376219e-06,0.11519244,0.11519244,,,,,,,,,,,,,,,,,,,0.01830953,6.4175059e-05,0.11519244,0.11362619,,0.02081224,0.20644013,,0.031325092,0.05,0.76403682,0.85438794,0.83616545,0.87686746,0.98483123,1,1,1024,4,,,,,,,,,,,,,,,,,,,,,,,,,,,,,,,,,,,,,,,
341,7.7252212e-06,0.10747368,0.10747368,,,,,,,,,,,,,,,,,,,0.018157959,5.8582666e-05,0.10747368,0.10595674,,0.019423291,0.1924902,,0.030338783,0.05,0.76178779,0.86011337,0.82704717,0.90143994,0.98414083,1,1,1024,4,,,,,,,,,,,,,,,,,,,,,,,,,,,,,,,,,,,,,,,
342,7.7127982e-06,0.098273183,0.098273183,,,,,,,,,,,,,,,,,,,0.01817627,5.8362563e-05,0.098273183,0.096609492,,0.021184863,0.17203412,,0.033273827,0.05,0.77763081,0.870821,0.84009658,0.90839011,0.98242182,1,1,1024,4,,,,,,,,,,,,,,,,,,,,,,,,,,,,,,,,,,,,,,,
343,7.7003528e-06,0.09427032,0.09427032,,,,,,,,,,,,,,,,,,,0.018188477,6.1822081e-05,0.09427032,0.092619353,,0.019408712,0.16582999,,0.033019349,0.05,0.79453811,0.88291813,0.85318205,0.91681114,0.98337483,1,1,1024,4,,,,,,,,,,,,,,,,,,,,,,,,,,,,,,,,,,,,,,,
344,7.6878853e-06,0.10942771,0.10942771,,,,,,,,,,,,,,,,,,,0.018157959,5.92476e-05,0.10942771,0.10760129,,0.022516325,0.19268626,,0.036528343,0.05,0.7877648,0.87601975,0.84909072,0.90701114,0.98185486,1,1,1024,4,,,,,,,,,,,,,,,,,,,,,,,,,,,,,,,,,,,,,,,
345,7.6753958e-06,0.095993342,0.095993342,,,,,,,,,,,,,,,,,,,0.018233236,6.418085e-05,0.095993342,0.094238719,,0.020096356,0.16838108,,0.035092452,0.05,0.78590716,0.87708564,0.85247187,0.90534502,0.98244131,1,1,1024,4,,,,,,,,,,,,,,,,,,,,,,,,,,,,,,,,,,,,,,,
346,7.6628843e-06,0.10028819,0.10028819,,,,,,,,,,,,,,,,,,,0.018229167,6.0865968e-05,0.10028819,0.098618639,,0.018709216,0.17852806,,0.033390931,0.05,0.79143077,0.87872595,0.84688343,0.91716868,0.98306626,1,1,1024,4,,,,,,,,,,,,,,,,,,,,,,,,,,,,,,,,,,,,,,,
347,7.6503511e-06,0.10495861,0.10495861,,,,,,,,,,,,,,,,,,,0.018146769,5.8390206e-05,0.10495861,0.10320131,,0.021171588,0.18523103,,0.035145997,0.05,0.77590177,0.86679332,0.83559019,0.90532574,0.98228159,1,1,1024,4,,,,,,,,,,,,,,,,,,,,,,,,,,,,,,,,,,,,,,,
348,7.6377962e-06,0.098727052,0.098727052,,,,,,,,,,,,,,,,,,,0.0181427,5.8793654e-05,0.098727052,0.097088427,,0.018329173,0.17584768,,0.032772501,0.05,0.80053223,0.88514431,0.86378149,0.91004939,0.98398933,1,1,1024,4,,,,,,,,,,,,,,,,,,,,,,,,,,,,,,,,,,,,,,,
349,7.6252198e-06,0.11095773,0.11095773,,,,,,,,,,,,,,,,,,,0.01822408,5.5936658e-05,0.11095773,0.10946498,,0.018958244,0.19997172,,0.029854975,0.05,0.76591169,0.86043164,0.83063082,0.89968,0.98481131,1,1,1024,4,0.096524561,0.096524561,,,,,,,,,,,,,,,,,,,0.018359017,4.9904313e-05,0.096524561,0.095131551,,0.022164136,0.16809897,,0.027860194,0.05,0.78795943,0.86960219,0.84623634,0.91363458,0.98357018,1,1,1024,4
350,7.612622e-06,0.10276128,0.10276128,,,,,,,,,,,,,,,,,,,0.018440755,6.126406e-05,0.10276128,0.10133314,,0.018022376,0.18464391,,0.028562738,0.05,0.77516026,0.86941788,0.83890503,0.90688357,0.98606482,1,1,1024,4,,,,,,,,,,,,,,,,,,,,,,,,,,,,,,,,,,,,,,,
351,7.600003e-06,0.11298433,0.11298433,,,,,,,,,,,,,,,,,,,0.018504842,6.3762036e-05,0.11298433,0.1112601,,0.022027214,0.20049298,,0.034484646,0.05,0.75535893,0.85421378,0.81591266,0.90550168,0.98184276,1,1,1024,4,,,,,,,,,,,,,,,,,,,,,,,,,,,,,,,,,,,,,,,
352,7.5873627e-06,0.10180401,0.10180401,,,,,,,,,,,,,,,,,,,0.018470256,6.374849e-05,0.10180401,0.10007943,,0.020223772,0.1799351,,0.034491523,0.05,0.77205429,0.86860571,0.8401875,0.90071825,0.9834455,1,1,1024,4,,,,,,,,,,,,,,,,,,,,,,,,,,,,,,,,,,,,,,,
353,7.5747015e-06,0.10207368,0.10207368,,,,,,,,,,,,,,,,,,,0.018345133,5.9347898e-05,0.10207368,0.10043926,,0.019852848,0.18102567,,0.032688325,0.05,0.78509202,0.87510827,0.85099115,0.9018667,0.98384275,1,1,1024,4,,,,,,,,,,,,,,,,,,,,,,,,,,,,,,,,,,,,,,,
354,7.5620193e-06,0.098549039,0.098549039,,,,,,,,,,,,,,,,,,,0.018201701,5.5860452e-05,0.098549039,0.096920326,,0.019537774,0.17430288,,0.032574254,0.05,0.77478981,0.86989474,0.84370337,0.89878556,0.98396084,1,1,1024,4,,,,,,,,,,,,,,,,,,,,,,,,,,,,,,,,,,,,,,,
355,7.5493164e-06,0.10222666,0.10222666,,,,,,,,,,,,,,,,,,,0.018326823,5.7026857e-05,0.10222666,0.10060698,,0.019575992,0.18163797,,0.0323936,0.05,0.78133879,0.87289468,0.83948042,0.91180173,0.98413629,1,1,1024,4,,,,,,,,,,,,,,,,,,,,,,,,,,,,,,,,,,,,,,,
356,7.5365929e-06,0.089069026,0.089069026,,,,,,,,,,,,,,,,,,,0.018464152,6.6087585e-05,0.089069026,0.087557722,,0.018145319,0.15697013,,0.030226054,0.05,0.80814917,0.88900167,0.86964696,0.91013766,0.98493351,1,1,1024,4,,,,,,,,,,,,,,,,,,,,,,,,,,,,,,,,,,,,,,,
357,7.5238489e-06,0.091004271,0.091004271,,,,,,,,,,,,,,,,,,,0.018528239,6.6096099e-05,0.091004271,0.089206888,,0.019929945,0.15848383,,0.035947663,0.05,0.79182462,0.88027482,0.85511775,0.90895438,0.98280539,1,1,1024,4,,,,,,,,,,,,,,,,,,,,,,,,,,,,,,,,,,,,,,,
358,7.5110844e-06,0.090998652,0.090998652,,,,,,,,,,,,,,,,,,,0.018479411,5.9802408e-05,0.090998652,0.089259411,,0.019941395,0.15857743,,0.03478481,0.05,0.79720411,0.88387726,0.8634775,0.90632685,0.98336465,1,1,1024,4,,,,,,,,,,,,,,,,,,,,,,,,,,,,,,,,,,,,,,,
359,7.4982998e-06,0.11327717,0.11327717,,,,,,,,,,,,,,,,,,,0.018503825,6.3694168e-05,0.11327717,0.11161729,,0.021747366,0.20148721,,0.033197767,0.05,0.76020056,0.85770511,0.8260156,0.89510379,0.98312634,1,1,1024,4,0.09797273,0.09797273,,,,,,,,,,,,,,,,,,,0.018561227,4.8355495e-05,0.09797273,0.096584889,,0.024901344,0.16826844,,0.02775682,0.05,0.78277025,0.86653668,0.84444426,0.90965564,0.98354128,1,1,1024,4
360,7.485495e-06,0.12072772,0.12072772,,,,,,,,,,,,,,,,,,,0.018637085,6.1881214e-05,0.12072772,0.11902103,,0.025614345,0.21242773,,0.034133788,0.05,0.74227904,0.83946402,0.80527592,0.88305185,0.98242006,1,1,1024,4,,,,,,,,,,,,,,,,,,,,,,,,,,,,,,,,,,,,,,,
361,7.4726702e-06,0.10513634,0.10513634,,,,,,,,,,,,,,,,,,,0.018840535,6.6398452e-05,0.10513634,0.10325787,,0.022117269,0.18439847,,0.037569404,0.05,0.7694679,0.8659839,0.83304212,0.90758237,0.98041611,1,1,1024,4,,,,,,,,,,,,,,,,,,,,,,,,,,,,,,,,,,,,,,,
362,7.4598255e-06,0.10558423,0.10558423,,,,,,,,,,,,,,,,,,,0.018863932,7.4050856e-05,0.10558423,0.10389516,,0.021013243,0.18677708,,0.03378131,0.05,0.76506286,0.86272853,0.83898265,0.89177436,0.98352624,1,1,1024,4,,,,,,,,,,,,,,,,,,,,,,,,,,,,,,,,,,,,,,,
363,7.4469611e-06,0.092819618,0.092819618,,,,,,,,,,,,,,,,,,,0.01888326,7.241376e-05,0.092819618,0.091090221,,0.021252176,0.16092827,,0.034587941,0.05,0.78856336,0.87795935,0.86023549,0.89804018,0.98239346,1,1,1024,4,,,,,,,,,,,,,,,,,,,,,,,,,,,,,,,,,,,,,,,
364,7.4340771e-06,0.09692518,0.09692518,,,,,,,,,,,,,,,,,,,0.018939209,7.0477521e-05,0.09692518,0.095348212,,0.019976663,0.17071976,,0.031539361,0.05,0.78050848,0.87363448,0.8478744,0.90305283,0.98369665,1,1,1024,4,,,,,,,,,,,,,,,,,,,,,,,,,,,,,,,,,,,,,,,
365,7.4211736e-06,0.099042482,0.099042482,,,,,,,,,,,,,,,,,,,0.018982951,7.7184205e-05,0.099042482,0.097328535,,0.017938441,0.17671863,,0.034278948,0.05,0.80394869,0.8889462,0.87155649,0.91083892,0.98446891,1,1,1024,4,,,,,,,,,,,,,,,,,,,,,,,,,,,,,,,,,,,,,,,
366,7.4082508e-06,0.10211127,0.10211127,,,,,,,,,,,,,,,,,,,0.018991089,7.0235689e-05,0.10211127,0.10048019,,0.021083154,0.17987722,,0.032621593,0.05,0.77128014,0.86382097,0.83682155,0.89486375,0.98381786,1,1,1024,4,,,,,,,,,,,,,,,,,,,,,,,,,,,,,,,,,,,,,,,
367,7.3953088e-06,0.09759397,0.09759397,,,,,,,,,,,,,,,,,,,0.019011434,7.9054372e-05,0.09759397,0.096123303,,0.016905379,0.17534123,,0.029413354,0.05,0.79540162,0.88279997,0.85743597,0.91290261,0.98619163,1,1,1024,4,,,,,,,,,,,,,,,,,,,,,,,,,,,,,,,,,,,,,,,
368,7.3823476e-06,0.101161,0.101161,,,,,,,,,,,,,,,,,,,0.01905009,7.2910106e-05,0.101161,0.099496593,,0.018481917,0.18051127,,0.033288196,0.05,0.79053915,0.87990608,0.85187528,0.91230223,0.98350345,1,1,1024,4,,,,,,,,,,,,,,,,,,,,,,,,,,,,,,,,,,,,,,,
369,7.3693676e-06,0.10023605,0.10023605,,,,,,,,,,,,,,,,,,,0.019061279,7.3004352e-05,0.10023605,0.098577495,,0.020627268,0.17652772,,0.03317114,0.05,0.78102563,0.87243651,0.84879146,0.90156595,0.98311394,1,1,1024,4,0.098824686,0.098824686,,,,,,,,,,,,,,,,,,,0.019021036,5.7813411e-05,0.098824686,0.097411832,,0.021194087,0.17362958,,0.028257072,0.05,0.78086204,0.86476278,0.8200397,0.93414339,0.98327452,1,1,1024,4
370,7.3563687e-06,0.091426688,0.091426688,,,,,,,,,,,,,,,,,,,0.018988037,7.5187877e-05,0.091426688,0.089923513,,0.018791493,0.16105553,,0.030063488,0.05,0.79221159,0.88213852,0.85761095,0.90999713,0.98480558,1,1,1024,4,,,,,,,,,,,,,,,,,,,,,,,,,,,,,,,,,,,,,,,
371,7.3433511e-06,0.087981637,0.087981637,,,,,,,,,,,,,,,,,,,0.018980916,7.2928877e-05,0.087981637,0.08640453,,0.016903043,0.15590602,,0.031542126,0.05,0.80645881,0.88907235,0.8750049,0.90562615,0.98546557,1,1,1024,4,,,,,,,,,,,,,,,,,,,,,,,,,,,,,,,,,,,,,,,
372,7.3303149e-06,0.096292601,0.096292601,,,,,,,,,,,,,,,,,,,0.019004313,7.485492e-05,0.096292601,0.094656273,,0.020173504,0.16913904,,0.032726542,0.05,0.78112184,0.87271984,0.84227531,0.90820945,0.983407,1,1,1024,4,,,,,,,,,,,,,,,,,,,,,,,,,,,,,,,,,,,,,,,
373,7.3172603e-06,0.10441527,0.10441527,,,,,,,,,,,,,,,,,,,0.018981934,7.1133115e-05,0.10441527,0.10291314,,0.017908948,0.18791733,,0.030042548,0.05,0.78585378,0.87443388,0.84700392,0.90697074,0.98578408,1,1,1024,4,,,,,,,,,,,,,,,,,,,,,,,,,,,,,,,,,,,,,,,
374,7.3041874e-06,0.098131532,0.098131532,,,,,,,,,,,,,,,,,,,0.019011434,7.6321044e-05,0.098131532,0.096620156,,0.019110267,0.17413004,,0.03022752,0.05,0.77692683,0.8706374,0.84445057,0.90149324,0.98425059,1,1,1024,4,,,,,,,,,,,,,,,,,,,,,,,,,,,,,,,,,,,,,,,
375,7.2910963e-06,0.090782534,0.090782534,,,,,,,,,,,,,,,,,,,0.019008382,7.8973856e-05,0.090782534,0.089227243,,0.019455337,0.15899915,,0.031105826,0.05,0.80098426,0.88261064,0.86456826,0.90264337,0.98482185,1,1,1024,4,,,,,,,,,,,,,,,,,,,,,,,,,,,,,,,,,,,,,,,
376,7.2779873e-06,0.089682537,0.089682537,,,,,,,,,,,,,,,,,,,0.01905009,7.4547387e-05,0.089682537,0.088082099,,0.019163414,0.15700078,,0.03200877,0.05,0.79278339,0.8808636,0.85036633,0.9154806,0.98328067,1,1,1024,4,,,,,,,,,,,,,,,,,,,,,,,,,,,,,,,,,,,,,,,
377,7.2648603e-06,0.098073668,0.098073668,,,,,,,,,,,,,,,,,,,0.019093831,8.2781126e-05,0.098073668,0.096551107,,0.017728699,0.17537351,,0.030451231,0.05,0.784658,0.87468843,0.84827236,0.90764024,0.98499184,1,1,1024,4,,,,,,,,,,,,,,,,,,,,,,,,,,,,,,,,,,,,,,,
378,7.2517155e-06,0.092784234,0.092784234,,,,,,,,,,,,,,,,,,,0.019023641,7.4911412e-05,0.092784234,0.091049856,,0.020599673,0.16150004,,0.03468755,0.05,0.79066451,0.87876829,0.86594601,0.89486851,0.98304183,1,1,1024,4,,,,,,,,,,,,,,,,,,,,,,,,,,,,,,,,,,,,,,,
379,7.2385531e-06,0.090109405,0.090109405,,,,,,,,,,,,,,,,,,,0.018954468,6.6001208e-05,0.090109405,0.088493788,,0.019442193,0.15754538,,0.032312348,0.05,0.7916996,0.88028839,0.85421217,0.90948205,0.98366621,1,1,1024,4,0.096079615,0.096079615,,,,,,,,,,,,,,,,,,,0.018958474,5.4434697e-05,0.096079615,0.094659657,,0.02477168,0.16454763,,0.028399177,0.05,0.78259431,0.86618167,0.85400756,0.90025602,0.98321328,1,1,1024,4
380,7.2253731e-06,0.090623967,0.090623967,,,,,,,,,,,,,,,,,,,0.018962606,6.5647799e-05,0.090623967,0.089257787,,0.016701796,0.16181378,,0.027323599,0.05,0.79438057,0.88094418,0.85503777,0.9103193,0.98669201,1,1,1024,4,,,,,,,,,,,,,,,,,,,,,,,,,,,,,,,,,,,,,,,
381,7.2121759e-06,0.082544195,0.082544195,,,,,,,,,,,,,,,,,,,0.019032796,6.6633794e-05,0.082544195,0.080974534,,0.0171542,0.14479487,,0.031393228,0.05,0.81358333,0.89351668,0.87212217,0.91754825,0.98510888,1,1,1024,4,,,,,,,,,,,,,,,,,,,,,,,,,,,,,,,,,,,,,,,
382,7.1989613e-06,0.084509158,0.084509158,,,,,,,,,,,,,,,,,,,0.019117228,7.5426786e-05,0.084509158,0.083176483,,0.01618384,0.15016913,,0.026653503,0.05,0.80506416,0.88757396,0.8604145,0.92028275,0.98712811,1,1,1024,4,,,,,,,,,,,,,,,,,,,,,,,,,,,,,,,,,,,,,,,
383,7.1857297e-06,0.092911416,0.092911416,,,,,,,,,,,,,,,,,,,0.019263713,8.2023564e-05,0.092911416,0.091311696,,0.018773238,0.16385015,,0.031994418,0.05,0.79126021,0.87944099,0.85327943,0.91012576,0.9839123,1,1,1024,4,,,,,,,,,,,,,,,,,,,,,,,,,,,,,,,,,,,,,,,
384,7.1724811e-06,0.091104957,0.091104957,,,,,,,,,,,,,,,,,,,0.019296265,7.352997e-05,0.091104957,0.089546953,,0.018389208,0.1607047,,0.031160103,0.05,0.78647797,0.87494486,0.84771754,0.9071223,0.9847429,1,1,1024,4,,,,,,,,,,,,,,,,,,,,,,,,,,,,,,,,,,,,,,,
385,7.1592156e-06,0.093341774,0.093341774,,,,,,,,,,,,,,,,,,,0.01922404,7.8894095e-05,0.093341774,0.091787388,,0.019552506,0.16402227,,0.031087701,0.05,0.78492164,0.87592728,0.8562366,0.89859022,0.98446126,1,1,1024,4,,,,,,,,,,,,,,,,,,,,,,,,,,,,,,,,,,,,,,,
386,7.1459334e-06,0.098665971,0.098665971,,,,,,,,,,,,,,,,,,,0.019270833,8.0159192e-05,0.098665971,0.097130623,,0.018941722,0.17531952,,0.030706988,0.05,0.78190459,0.87187069,0.84363117,0.90632274,0.98463837,1,1,1024,4,,,,,,,,,,,,,,,,,,,,,,,,,,,,,,,,,,,,,,,
387,7.1326347e-06,0.11065,0.11065,,,,,,,,,,,,,,,,,,,0.01928304,7.4488974e-05,0.11065,0.10916692,,0.021021678,0.19731217,,0.029661395,0.05,0.74683812,0.8438054,0.81928914,0.87392129,0.98469314,1,1,1024,4,,,,,,,,,,,,,,,,,,,,,,,,,,,,,,,,,,,,,,,
388,7.1193195e-06,0.10268688,0.10268688,,,,,,,,,,,,,,,,,,,0.019238281,7.0347364e-05,0.10268688,0.10127416,,0.018294321,0.184254,,0.02825436,0.05,0.76969441,0.85414727,0.82558241,0.90091589,0.98597892,1,1,1024,4,,,,,,,,,,,,,,,,,,,,,,,,,,,,,,,,,,,,,,,
389,7.105988e-06,0.088170482,0.088170482,,,,,,,,,,,,,,,,,,,0.019205729,7.2339288e-05,0.088170482,0.086745297,,0.017430398,0.1560602,,0.028503701,0.05,0.79558539,0.88357109,0.85810961,0.912564,0.98570373,1,1,1024,4,0.10132423,0.10132423,,,,,,,,,,,,,,,,,,,0.019207234,5.4946202e-05,0.10132423,0.099873411,,0.029035917,0.1707109,,0.029016447,0.05,0.77303504,0.86080844,0.86437286,0.87795761,0.98160726,1,1,1024,4
390,7.0926403e-06,0.10155497,0.10155497,,,,,,,,,,,,,,,,,,,0.019206746,6.9018229e-05,0.10155497,0.10010885,,0.017905688,0.182312,,0.028922537,0.05,0.76965389,0.86466238,0.83787952,0.89690666,0.98501154,1,1,1024,4,,,,,,,,,,,,,,,,,,,,,,,,,,,,,,,,,,,,,,,
391,7.0792766e-06,0.095180528,0.095180528,,,,,,,,,,,,,,,,,,,0.019077555,6.7035612e-05,0.095180528,0.09363728,,0.019858485,0.16741607,,0.030864962,0.05,0.78371272,0.8742867,0.84934083,0.90400108,0.98392053,1,1,1024,4,,,,,,,,,,,,,,,,,,,,,,,,,,,,,,,,,,,,,,,
392,7.065897e-06,0.082329907,0.082329907,,,,,,,,,,,,,,,,,,,0.01898702,6.2410112e-05,0.082329907,0.080855497,,0.016152427,0.14555857,,0.029488206,0.05,0.81787108,0.89706224,0.87682936,0.9193266,0.9856754,1,1,1024,4,,,,,,,,,,,,,,,,,,,,,,,,,,,,,,,,,,,,,,,
393,7.0525017e-06,0.090672754,0.090672754,,,,,,,,,,,,,,,,,,,0.018992106,6.1286432e-05,0.090672754,0.089093892,,0.019451793,0.15873599,,0.031577264,0.05,0.80015849,0.88425708,0.86349949,0.90768059,0.9844875,1,1,1024,4,,,,,,,,,,,,,,,,,,,,,,,,,,,,,,,,,,,,,,,
394,7.0390906e-06,0.080966151,0.080966151,,,,,,,,,,,,,,,,,,,0.019034831,6.0660455e-05,0.080966151,0.079466402,,0.016726414,0.14220639,,0.029994987,0.05,0.81997127,0.89858315,0.87866065,0.92136398,0.98626354,1,1,1024,4,,,,,,,,,,,,,,,,,,,,,,,,,,,,,,,,,,,,,,,
395,7.0256641e-06,0.093843254,0.093843254,,,,,,,,,,,,,,,,,,,0.01907959,6.0466704e-05,0.093843254,0.092377249,,0.017984075,0.16677042,,0.029320096,0.05,0.80626832,0.88835401,0.86734779,0.91365994,0.98549617,1,1,1024,4,,,,,,,,,,,,,,,,,,,,,,,,,,,,,,,,,,,,,,,
396,7.0122223e-06,0.096573098,0.096573098,,,,,,,,,,,,,,,,,,,0.01913147,6.9368512e-05,0.096573098,0.095043459,,0.019878335,0.17020858,,0.0305928,0.05,0.78631762,0.87721993,0.85401939,0.90372288,0.98400978,1,1,1024,4,,,,,,,,,,,,,,,,,,,,,,,,,,,,,,,,,,,,,,,
397,6.9987652e-06,0.098559428,0.098559428,,,,,,,,,,,,,,,,,,,0.01918335,6.0314815e-05,0.098559428,0.097047395,,0.018587418,0.17550737,,0.030240687,0.05,0.78432647,0.87547843,0.85035047,0.90480247,0.98523902,1,1,1024,4,,,,,,,,,,,,,,,,,,,,,,,,,,,,,,,,,,,,,,,
398,6.985293e-06,0.10155009,0.10155009,,,,,,,,,,,,,,,,,,,0.019191488,6.3455519e-05,0.10155009,0.10003308,,0.02098431,0.17908186,,0.030340205,0.05,0.75774411,0.85779016,0.82991788,0.8907044,0.98432332,1,1,1024,4,,,,,,,,,,,,,,,,,,,,,,,,,,,,,,,,,,,,,,,
399,6.9718058e-06,0.086622209,0.086622209,,,,,,,,,,,,,,,,,,,0.019223022,6.4850593e-05,0.086622209,0.084992822,,0.01928851,0.15069713,,0.03258775,0.05,0.79243125,0.88002138,0.85631651,0.90685342,0.98370225,1,1,1024,4,0.09324147,0.09324147,,,,,,,,,,,,,,,,,,,0.019235214,5.1335585e-05,0.09324147,0.091876062,,0.021983667,0.16176846,,0.027308162,0.05,0.78391022,0.86730943,0.84869082,0.90388156,0.98365261,1,1,1024,4
400,6.9583039e-06,0.085475514,0.085475514,,,,,,,,,,,,,,,,,,,0.019257609,6.3976432e-05,0.085475514,0.083699905,,0.019810787,0.14758902,,0.035512186,0.05,0.79392657,0.88284631,0.86000438,0.90863331,0.98238524,1,1,1024,4,,,,,,,,,,,,,,,,,,,,,,,,,,,,,,,,,,,,,,,
401,6.9447872e-06,0.091918384,0.091918384,,,,,,,,,,,,,,,,,,,0.019267782,6.4379278e-05,0.091918384,0.090515858,,0.017452384,0.16357933,,0.028050507,0.05,0.79490541,0.88290633,0.85836248,0.9103981,0.98599795,1,1,1024,4,,,,,,,,,,,,,,,,,,,,,,,,,,,,,,,,,,,,,,,
402,6.931256e-06,0.098619597,0.098619597,,,,,,,,,,,,,,,,,,,0.019326782,6.2862051e-05,0.098619597,0.0973085,,0.017220163,0.17739684,,0.02622193,0.05,0.78847399,0.87747803,0.86156243,0.89530272,0.98665334,1,1,1024,4,,,,,,,,,,,,,,,,,,,,,,,,,,,,,,,,,,,,,,,
403,6.9177104e-06,0.093501104,0.093501104,,,,,,,,,,,,,,,,,,,0.019426473,6.72601e-05,0.093501104,0.091918348,,0.018141429,0.16569527,,0.031655135,0.05,0.78859407,0.87625599,0.84362696,0.91473553,0.98436489,1,1,1024,4,,,,,,,,,,,,,,,,,,,,,,,,,,,,,,,,,,,,,,,
404,6.9041505e-06,0.080792145,0.080792145,,,,,,,,,,,,,,,,,,,0.019411214,6.3218226e-05,0.080792145,0.079412529,,0.017466827,0.14135823,,0.027592304,0.05,0.80297093,0.88784744,0.8671988,0.91051319,0.98631841,1,1,1024,4,,,,,,,,,,,,,,,,,,,,,,,,,,,,,,,,,,,,,,,
405,6.8905765e-06,0.084863668,0.084863668,,,,,,,,,,,,,,,,,,,0.019422404,6.6484076e-05,0.084863668,0.083251654,,0.01915876,0.14734455,,0.032240281,0.05,0.80768948,0.8901772,0.87041251,0.91262678,0.98384829,1,1,1024,4,,,,,,,,,,,,,,,,,,,,,,,,,,,,,,,,,,,,,,,
406,6.8769884e-06,0.089131842,0.089131842,,,,,,,,,,,,,,,,,,,0.019499715,6.8226653e-05,0.089131842,0.087684669,,0.017879506,0.15748983,,0.028943455,0.05,0.7890667,0.87952136,0.85461895,0.90716351,0.98533634,1,1,1024,4,,,,,,,,,,,,,,,,,,,,,,,,,,,,,,,,,,,,,,,
407,6.8633865e-06,0.082382895,0.082382895,,,,,,,,,,,,,,,,,,,0.019557699,7.3036973e-05,0.082382895,0.080870688,,0.016628854,0.14511252,,0.030244136,0.05,0.80987494,0.89097109,0.87234067,0.91292667,0.98523058,1,1,1024,4,,,,,,,,,,,,,,,,,,,,,,,,,,,,,,,,,,,,,,,
408,6.8497709e-06,0.089260291,0.089260291,,,,,,,,,,,,,,,,,,,0.019577026,6.8921072e-05,0.089260291,0.087803633,,0.017254693,0.15835257,,0.029133143,0.05,0.79112733,0.87857245,0.85207919,0.90874153,0.98572675,1,1,1024,4,,,,,,,,,,,,,,,,,,,,,,,,,,,,,,,,,,,,,,,
409,6.8361417e-06,0.080603042,0.080603042,,,,,,,,,,,,,,,,,,,0.019631958,7.4260743e-05,0.080603042,0.078938591,,0.01993079,0.13794639,,0.033289026,0.05,0.80685449,0.88981748,0.86775263,0.9149337,0.98353651,1,1,1024,4,0.093393186,0.093393186,,,,,,,,,,,,,,,,,,,0.019657606,5.9017209e-05,0.093393186,0.092019387,,0.02604362,0.15799515,,0.027475976,0.05,0.78649157,0.86890766,0.86164784,0.89445371,0.98377459,1,1,1024,4
410,6.822499e-06,0.094466465,0.094466465,,,,,,,,,,,,,,,,,,,0.019618734,6.8720733e-05,0.094466465,0.092708512,,0.019672344,0.16574468,,0.035159056,0.05,0.79148736,0.8784888,0.85740803,0.90266071,0.98381105,1,1,1024,4,,,,,,,,,,,,,,,,,,,,,,,,,,,,,,,,,,,,,,,
411,6.808843e-06,0.089837084,0.089837084,,,,,,,,,,,,,,,,,,,0.019591268,6.937614e-05,0.089837084,0.088116318,,0.020821831,0.15541081,,0.034415312,0.05,0.78845867,0.87717435,0.85143685,0.90729813,0.98248676,1,1,1024,4,,,,,,,,,,,,,,,,,,,,,,,,,,,,,,,,,,,,,,,
412,6.7951738e-06,0.10345612,0.10345612,,,,,,,,,,,,,,,,,,,0.019597371,6.9695034e-05,0.10345612,0.10175993,,0.02344444,0.18007543,,0.033923744,0.05,0.76809047,0.86121152,0.83731793,0.89001271,0.98210396,1,1,1024,4,,,,,,,,,,,,,,,,,,,,,,,,,,,,,,,,,,,,,,,
413,6.7814916e-06,0.082606047,0.082606047,,,,,,,,,,,,,,,,,,,0.019525146,6.8822778e-05,0.082606047,0.081022806,,0.017645631,0.14439998,,0.031664832,0.05,0.80848317,0.8903986,0.86767972,0.91577048,0.98444678,1,1,1024,4,,,,,,,,,,,,,,,,,,,,,,,,,,,,,,,,,,,,,,,
414,6.7677965e-06,0.088170681,0.088170681,,,,,,,,,,,,,,,,,,,0.019552612,7.1018319e-05,0.088170681,0.086638703,,0.018505711,0.15477169,,0.030639588,0.05,0.79306449,0.88114434,0.85519884,0.91031557,0.98476476,1,1,1024,4,,,,,,,,,,,,,,,,,,,,,,,,,,,,,,,,,,,,,,,
415,6.7540886e-06,0.077161944,0.077161944,,,,,,,,,,,,,,,,,,,0.019670614,6.8582817e-05,0.077161944,0.075790481,,0.016245023,0.13533594,,0.027429268,0.05,0.81676954,0.89650667,0.87682295,0.91883457,0.98628209,1,1,1024,4,,,,,,,,,,,,,,,,,,,,,,,,,,,,,,,,,,,,,,,
416,6.7403681e-06,0.096903881,0.096903881,,,,,,,,,,,,,,,,,,,0.019744873,6.8751521e-05,0.096903881,0.095322913,,0.018666613,0.17197921,,0.031619351,0.05,0.77290207,0.86847004,0.84827492,0.89192291,0.98469977,1,1,1024,4,,,,,,,,,,,,,,,,,,,,,,,,,,,,,,,,,,,,,,,
417,6.7266351e-06,0.087769459,0.087769459,,,,,,,,,,,,,,,,,,,0.019833374,6.8358817e-05,0.087769459,0.086214912,,0.019778957,0.15265086,,0.031090961,0.05,0.79460737,0.88089317,0.85687624,0.90778543,0.98425198,1,1,1024,4,,,,,,,,,,,,,,,,,,,,,,,,,,,,,,,,,,,,,,,
418,6.7128897e-06,0.089313292,0.089313292,,,,,,,,,,,,,,,,,,,0.019898478,7.9649288e-05,0.089313292,0.08783428,,0.01722499,0.15844357,,0.029580231,0.05,0.78939859,0.87867747,0.85098715,0.91132348,0.98621634,1,1,1024,4,,,,,,,,,,,,,,,,,,,,,,,,,,,,,,,,,,,,,,,
419,6.6991322e-06,0.093365929,0.093365929,,,,,,,,,,,,,,,,,,,0.019877116,7.413791e-05,0.093365929,0.09189247,,0.018460236,0.1653247,,0.029469184,0.05,0.79016827,0.87799261,0.8526938,0.90649945,0.98508942,1,1,1024,4,0.094635121,0.094635121,,,,,,,,,,,,,,,,,,,0.019847549,5.6961726e-05,0.094635121,0.093271399,,0.026285062,0.16025773,,0.027274441,0.05,0.77904219,0.86353587,0.83313689,0.91754096,0.98334228,1,1,1024,4
420,6.6853625e-06,0.095218152,0.095218152,,,,,,,,,,,,,,,,,,,0.019839478,7.0193535e-05,0.095218152,0.09373853,,0.018615269,0.16886179,,0.029592459,0.05,0.78339663,0.87529597,0.84950932,0.90469268,0.98528587,1,1,1024,4,,,,,,,,,,,,,,,,,,,,,,,,,,,,,,,,,,,,,,,
421,6.6715809e-06,0.083491224,0.083491224,,,,,,,,,,,,,,,,,,,0.019859823,7.3086991e-05,0.083491224,0.082014539,,0.017615007,0.14641407,,0.029533697,0.05,0.79991756,0.88545477,0.8630961,0.91059223,0.98573404,1,1,1024,4,,,,,,,,,,,,,,,,,,,,,,,,,,,,,,,,,,,,,,,
422,6.6577875e-06,0.079558283,0.079558283,,,,,,,,,,,,,,,,,,,0.019842529,6.9559668e-05,0.079558283,0.078170071,,0.016991677,0.13934847,,0.027764235,0.05,0.82211714,0.89821655,0.88454331,0.91337323,0.98634241,1,1,1024,4,,,,,,,,,,,,,,,,,,,,,,,,,,,,,,,,,,,,,,,
423,6.6439825e-06,0.082484402,0.082484402,,,,,,,,,,,,,,,,,,,0.019830322,6.7855365e-05,0.082484402,0.080965505,,0.018694853,0.14323616,,0.030377937,0.05,0.80356065,0.88738198,0.87187587,0.90487046,0.98573527,1,1,1024,4,,,,,,,,,,,,,,,,,,,,,,,,,,,,,,,,,,,,,,,
424,6.6301659e-06,0.075347083,0.075347083,,,,,,,,,,,,,,,,,,,0.019816081,7.1946035e-05,0.075347083,0.073953616,,0.015806161,0.13210107,,0.027869349,0.05,0.81931017,0.89828535,0.8761403,0.92276083,0.98668363,1,1,1024,4,,,,,,,,,,,,,,,,,,,,,,,,,,,,,,,,,,,,,,,
425,6.616338e-06,0.081620407,0.081620407,,,,,,,,,,,,,,,,,,,0.019742839,7.1038819e-05,0.081620407,0.080156873,,0.017678007,0.14263574,,0.029270671,0.05,0.80439851,0.88755231,0.86660132,0.91072792,0.98524225,1,1,1024,4,,,,,,,,,,,,,,,,,,,,,,,,,,,,,,,,,,,,,,,
426,6.6024988e-06,0.10409419,0.10409419,,,,,,,,,,,,,,,,,,,0.0196757,6.5149846e-05,0.10409419,0.10245759,,0.02190101,0.18301418,,0.032731891,0.05,0.76131398,0.85819287,0.83017576,0.89022255,0.98348418,1,1,1024,4,,,,,,,,,,,,,,,,,,,,,,,,,,,,,,,,,,,,,,,
427,6.5886485e-06,0.09122774,0.09122774,,,,,,,,,,,,,,,,,,,0.01968689,7.1130948e-05,0.09122774,0.089517597,,0.020048103,0.15898709,,0.034202855,0.05,0.78124852,0.87241156,0.85112308,0.89633958,0.98330921,1,1,1024,4,,,,,,,,,,,,,,,,,,,,,,,,,,,,,,,,,,,,,,,
428,6.5747873e-06,0.08122696,0.08122696,,,,,,,,,,,,,,,,,,,0.019722493,7.1243249e-05,0.08122696,0.079638579,,0.019957914,0.13931925,,0.031767631,0.05,0.80010329,0.88597607,0.86517678,0.90869509,0.98380121,1,1,1024,4,,,,,,,,,,,,,,,,,,,,,,,,,,,,,,,,,,,,,,,
429,6.5609152e-06,0.086395241,0.086395241,,,,,,,,,,,,,,,,,,,0.019832357,7.3117097e-05,0.086395241,0.084696909,,0.018939345,0.15045447,,0.03396664,0.05,0.79380454,0.87965811,0.8574256,0.90463488,0.98374084,1,1,1024,4,0.093159037,0.093159037,,,,,,,,,,,,,,,,,,,0.019886928,5.8380832e-05,0.093159037,0.091768946,,0.02586693,0.15767096,,0.027801822,0.05,0.78111587,0.86532496,0.84937505,0.90318922,0.98370408,1,1,1024,4
430,6.5470325e-06,0.074945986,0.074945986,,,,,,,,,,,,,,,,,,,0.019883219,7.4440148e-05,0.074945986,0.073574631,,0.01647652,0.13067274,,0.027427091,0.05,0.81456964,0.89559282,0.87954077,0.91331528,0.98623578,1,1,1024,4,,,,,,,,,,,,,,,,,,,,,,,,,,,,,,,,,,,,,,,
431,6.5331392e-06,0.075789277,0.075789277,,,,,,,,,,,,,,,,,,,0.019833374,6.8653868e-05,0.075789277,0.074408296,,0.017201218,0.13161537,,0.02761962,0.05,0.81796012,0.89768693,0.87969211,0.91736309,0.98586871,1,1,1024,4,,,,,,,,,,,,,,,,,,,,,,,,,,,,,,,,,,,,,,,
432,6.5192355e-06,0.086710672,0.086710672,,,,,,,,,,,,,,,,,,,0.01987915,6.3654096e-05,0.086710672,0.085150985,,0.019096012,0.15120596,,0.031193763,0.05,0.80398878,0.88598131,0.86692065,0.9070041,0.98481709,1,1,1024,4,,,,,,,,,,,,,,,,,,,,,,,,,,,,,,,,,,,,,,,
433,6.5053215e-06,0.082953021,0.082953021,,,,,,,,,,,,,,,,,,,0.02001241,7.817019e-05,0.082953021,0.081441062,,0.019023761,0.14385836,,0.03023919,0.05,0.80732601,0.88988568,0.86909364,0.91311067,0.98476965,1,1,1024,4,,,,,,,,,,,,,,,,,,,,,,,,,,,,,,,,,,,,,,,
434,6.4913974e-06,0.098481932,0.098481932,,,,,,,,,,,,,,,,,,,0.020078532,7.1179613e-05,0.098481932,0.096832166,,0.020132391,0.17353194,,0.032995323,0.05,0.7741622,0.86634772,0.83850238,0.89908696,0.98396447,1,1,1024,4,,,,,,,,,,,,,,,,,,,,,,,,,,,,,,,,,,,,,,,
435,6.4774633e-06,0.079746205,0.079746205,,,,,,,,,,,,,,,,,,,0.020079549,7.2922523e-05,0.079746205,0.078131167,,0.018784132,0.1374782,,0.032300772,0.05,0.80377987,0.8887395,0.86392879,0.91629574,0.98405579,1,1,1024,4,,,,,,,,,,,,,,,,,,,,,,,,,,,,,,,,,,,,,,,
436,6.4635194e-06,0.083743262,0.083743262,,,,,,,,,,,,,,,,,,,0.02009786,7.3802963e-05,0.083743262,0.082277721,,0.01819433,0.14636111,,0.029310813,0.05,0.79985259,0.88552794,0.86592517,0.9082166,0.98500698,1,1,1024,4,,,,,,,,,,,,,,,,,,,,,,,,,,,,,,,,,,,,,,,
437,6.4495658e-06,0.077218479,0.077218479,,,,,,,,,,,,,,,,,,,0.020136515,7.3487234e-05,0.077218479,0.075644283,,0.017732479,0.13355609,,0.031483925,0.05,0.81555057,0.89472446,0.87493284,0.9170426,0.98475347,1,1,1024,4,,,,,,,,,,,,,,,,,,,,,,,,,,,,,,,,,,,,,,,
438,6.4356026e-06,0.081713905,0.081713905,,,,,,,,,,,,,,,,,,,0.020140584,7.6601769e-05,0.081713905,0.080255667,,0.018389103,0.14212223,,0.029164745,0.05,0.80603908,0.88759977,0.86216486,0.91618385,0.98518978,1,1,1024,4,,,,,,,,,,,,,,,,,,,,,,,,,,,,,,,,,,,,,,,
439,6.42163e-06,0.086464216,0.086464216,,,,,,,,,,,,,,,,,,,0.020143636,7.9113255e-05,0.086464216,0.084802641,,0.018614971,0.15099031,,0.033231509,0.05,0.79472384,0.88132401,0.86385588,0.90049929,0.98389541,1,1,1024,4,0.092395491,0.092395491,,,,,,,,,,,,,,,,,,,0.020157138,6.1022095e-05,0.092395491,0.09105067,,0.027148383,0.15495296,,0.026896426,0.05,0.7834922,0.86696268,0.84805864,0.90536723,0.98360555,1,1,1024,4
440,6.4076481e-06,0.083032531,0.083032531,,,,,,,,,,,,,,,,,,,0.020198568,8.1624887e-05,0.083032531,0.08137073,,0.018891683,0.14384978,,0.033236025,0.05,0.79454073,0.88143981,0.86064852,0.90441286,0.98452841,1,1,1024,4,,,,,,,,,,,,,,,,,,,,,,,,,,,,,,,,,,,,,,,
441,6.3936571e-06,0.096015067,0.096015067,,,,,,,,,,,,,,,,,,,0.020305379,7.8616784e-05,0.096015067,0.094356485,,0.019252679,0.16946029,,0.033171639,0.05,0.78129508,0.87169332,0.84762876,0.90229019,0.98427879,1,1,1024,4,,,,,,,,,,,,,,,,,,,,,,,,,,,,,,,,,,,,,,,
442,6.3796571e-06,0.095916283,0.095916283,,,,,,,,,,,,,,,,,,,0.020370483,8.351669e-05,0.095916283,0.094494562,,0.01795816,0.17103097,,0.028434418,0.05,0.78478798,0.87562684,0.85049048,0.90406883,0.98581309,1,1,1024,4,,,,,,,,,,,,,,,,,,,,,,,,,,,,,,,,,,,,,,,
443,6.3656482e-06,0.080101243,0.080101243,,,,,,,,,,,,,,,,,,,0.020401001,8.7054263e-05,0.080101243,0.078259319,,0.020452779,0.13606586,,0.03683847,0.05,0.80906701,0.8918823,0.86643491,0.92058801,0.98181034,1,1,1024,4,,,,,,,,,,,,,,,,,,,,,,,,,,,,,,,,,,,,,,,
444,6.3516306e-06,0.090246548,0.090246548,,,,,,,,,,,,,,,,,,,0.020298258,8.2477205e-05,0.090246548,0.08860238,,0.01906781,0.15813695,,0.03288335,0.05,0.79219557,0.88110574,0.8599604,0.90483005,0.9838736,1,1,1024,4,,,,,,,,,,,,,,,,,,,,,,,,,,,,,,,,,,,,,,,
445,6.3376044e-06,0.075285892,0.075285892,,,,,,,,,,,,,,,,,,,0.020296224,7.8988466e-05,0.075285892,0.073579947,,0.018363666,0.12879623,,0.034118904,0.05,0.81098985,0.8928021,0.87346214,0.91463198,0.98363835,1,1,1024,4,,,,,,,,,,,,,,,,,,,,,,,,,,,,,,,,,,,,,,,
446,6.3235698e-06,0.080242636,0.080242636,,,,,,,,,,,,,,,,,,,0.020259603,7.743681e-05,0.080242636,0.078786123,,0.017321286,0.14025096,,0.02913026,0.05,0.80644268,0.89055046,0.86316209,0.92255088,0.98530258,1,1,1024,4,,,,,,,,,,,,,,,,,,,,,,,,,,,,,,,,,,,,,,,
447,6.3095269e-06,0.087564735,0.087564735,,,,,,,,,,,,,,,,,,,0.020288086,7.9955654e-05,0.087564735,0.085976421,,0.018858892,0.15309395,,0.031766275,0.05,0.79934842,0.88459432,0.86033667,0.9118574,0.98473419,1,1,1024,4,,,,,,,,,,,,,,,,,,,,,,,,,,,,,,,,,,,,,,,
448,6.2954759e-06,0.088041289,0.088041289,,,,,,,,,,,,,,,,,,,0.020362345,8.8188005e-05,0.088041289,0.086679295,,0.01694217,0.15641642,,0.0272399,0.05,0.79293187,0.87894809,0.85068134,0.91362848,0.98673963,1,1,1024,4,,,,,,,,,,,,,,,,,,,,,,,,,,,,,,,,,,,,,,,
449,6.2814168e-06,0.065774215,0.065774215,,,,,,,,,,,,,,,,,,,0.020426432,8.4017535e-05,0.065774215,0.06407884,,0.018159031,0.10999865,,0.033907505,0.05,0.83892484,0.91023979,0.89429255,0.9276411,0.98316225,1,1,1024,4,0.091661771,0.091661771,,,,,,,,,,,,,,,,,,,0.020453172,6.7678713e-05,0.091661771,0.090274904,,0.022357091,0.15819272,,0.027737341,0.05,0.78228409,0.86624553,0.84152017,0.91124951,0.98381256,1,1,1024,4
450,6.2673499e-06,0.089850994,0.089850994,,,,,,,,,,,,,,,,,,,0.020487467,8.6031917e-05,0.089850994,0.088256834,,0.019464609,0.15704906,,0.031883177,0.05,0.78888943,0.87718786,0.86164989,0.89516498,0.98486594,1,1,1024,4,,,,,,,,,,,,,,,,,,,,,,,,,,,,,,,,,,,,,,,
451,6.2532752e-06,0.096637266,0.096637266,,,,,,,,,,,,,,,,,,,0.020574951,8.8655277e-05,0.096637266,0.095168214,,0.020639254,0.16969717,,0.029381045,0.05,0.76254534,0.85998138,0.83464962,0.89304491,0.98444454,1,1,1024,4,,,,,,,,,,,,,,,,,,,,,,,,,,,,,,,,,,,,,,,
452,6.239193e-06,0.080432382,0.080432382,,,,,,,,,,,,,,,,,,,0.020680745,8.7030124e-05,0.080432382,0.078979467,,0.017519492,0.14043944,,0.029058298,0.05,0.80435642,0.88819773,0.86504528,0.91365647,0.98576524,1,1,1024,4,,,,,,,,,,,,,,,,,,,,,,,,,,,,,,,,,,,,,,,
453,6.2251033e-06,0.088073068,0.088073068,,,,,,,,,,,,,,,,,,,0.020724487,9.0764595e-05,0.088073068,0.086623275,,0.019476024,0.15377053,,0.028995875,0.05,0.78126296,0.87376741,0.85376558,0.89681752,0.98512173,1,1,1024,4,,,,,,,,,,,,,,,,,,,,,,,,,,,,,,,,,,,,,,,
454,6.2110063e-06,0.072630651,0.072630651,,,,,,,,,,,,,,,,,,,0.020730591,9.272873e-05,0.072630651,0.071027752,,0.017113536,0.12494197,,0.032057991,0.05,0.82487203,0.90129873,0.88404869,0.92096102,0.98465822,1,1,1024,4,,,,,,,,,,,,,,,,,,,,,,,,,,,,,,,,,,,,,,,
455,6.1969021e-06,0.080003073,0.080003073,,,,,,,,,,,,,,,,,,,0.020808919,9.1765289e-05,0.080003073,0.078708918,,0.016877583,0.14054025,,0.025883086,0.05,0.81047731,0.89180315,0.87734987,0.90801754,0.9872818,1,1,1024,4,,,,,,,,,,,,,,,,,,,,,,,,,,,,,,,,,,,,,,,
456,6.182791e-06,0.091080769,0.091080769,,,,,,,,,,,,,,,,,,,0.020854696,9.0549129e-05,0.091080769,0.089478453,,0.018135707,0.1608212,,0.032046334,0.05,0.79066306,0.87883356,0.85260495,0.90973406,0.98497012,1,1,1024,4,,,,,,,,,,,,,,,,,,,,,,,,,,,,,,,,,,,,,,,
457,6.1686729e-06,0.10045955,0.10045955,,,,,,,,,,,,,,,,,,,0.020844523,9.8532528e-05,0.10045955,0.098942275,,0.018793043,0.17909151,,0.03034551,0.05,0.77180822,0.86454948,0.84198836,0.88967169,0.98483143,1,1,1024,4,,,,,,,,,,,,,,,,,,,,,,,,,,,,,,,,,,,,,,,
458,6.1545481e-06,0.098513092,0.098513092,,,,,,,,,,,,,,,,,,,0.020847575,9.3712575e-05,0.098513092,0.096967501,,0.018415682,0.17551932,,0.030911797,0.05,0.77214672,0.86542514,0.83388489,0.90251856,0.98482664,1,1,1024,4,,,,,,,,,,,,,,,,,,,,,,,,,,,,,,,,,,,,,,,
459,6.1404168e-06,0.079659849,0.079659849,,,,,,,,,,,,,,,,,,,0.020788574,0.00010220791,0.079659849,0.078059281,,0.018525218,0.13759334,,0.032011353,0.05,0.80320211,0.88751188,0.86736045,0.90985642,0.98403822,1,1,1024,4,0.092820302,0.092820302,,,,,,,,,,,,,,,,,,,0.020796031,7.3834715e-05,0.092820302,0.091416668,,0.0204212,0.16241214,,0.028072673,0.05,0.7773375,0.86161576,0.82366545,0.92530458,0.98333017,1,1,1024,4
460,6.126279e-06,0.07413291,0.07413291,,,,,,,,,,,,,,,,,,,0.02079366,9.5520162e-05,0.07413291,0.072671053,,0.017210369,0.12813174,,0.029237142,0.05,0.81450674,0.89489735,0.86858297,0.92391821,0.98564629,1,1,1024,4,,,,,,,,,,,,,,,,,,,,,,,,,,,,,,,,,,,,,,,
461,6.1121348e-06,0.087980986,0.087980986,,,,,,,,,,,,,,,,,,,0.020721436,9.0008079e-05,0.087980986,0.086221702,,0.020090881,0.15235252,,0.035185682,0.05,0.78911431,0.87672179,0.85054682,0.90659192,0.98195992,1,1,1024,4,,,,,,,,,,,,,,,,,,,,,,,,,,,,,,,,,,,,,,,
462,6.0979845e-06,0.072807536,0.072807536,,,,,,,,,,,,,,,,,,,0.020627848,8.147148e-05,0.072807536,0.071261186,,0.016768139,0.12575423,,0.030926994,0.05,0.82388592,0.90100853,0.87926694,0.92510047,0.98459073,1,1,1024,4,,,,,,,,,,,,,,,,,,,,,,,,,,,,,,,,,,,,,,,
463,6.0838282e-06,0.084893805,0.084893805,,,,,,,,,,,,,,,,,,,0.020704142,8.4912101e-05,0.084893805,0.08316777,,0.019496145,0.14683939,,0.034520684,0.05,0.8027482,0.88771792,0.8628242,0.91685231,0.98302155,1,1,1024,4,,,,,,,,,,,,,,,,,,,,,,,,,,,,,,,,,,,,,,,
464,6.069666e-06,0.079404157,0.079404157,,,,,,,,,,,,,,,,,,,0.020729574,8.8954404e-05,0.079404157,0.077729982,,0.019969707,0.13549026,,0.033483511,0.05,0.80279916,0.88791289,0.8661145,0.91191017,0.98295623,1,1,1024,4,,,,,,,,,,,,,,,,,,,,,,,,,,,,,,,,,,,,,,,
465,6.0554981e-06,0.080771965,0.080771965,,,,,,,,,,,,,,,,,,,0.020763143,9.0989715e-05,0.080771965,0.079131668,,0.017980763,0.14028257,,0.032805926,0.05,0.80790937,0.8900372,0.86692062,0.91609796,0.98472722,1,1,1024,4,,,,,,,,,,,,,,,,,,,,,,,,,,,,,,,,,,,,,,,
466,6.0413246e-06,0.075488879,0.075488879,,,,,,,,,,,,,,,,,,,0.020811971,9.8698312e-05,0.075488879,0.073852609,,0.016604974,0.13110024,,0.03272539,0.05,0.8174259,0.89690513,0.87315695,0.92369612,0.98521926,1,1,1024,4,,,,,,,,,,,,,,,,,,,,,,,,,,,,,,,,,,,,,,,
467,6.0271456e-06,0.080546947,0.080546947,,,,,,,,,,,,,,,,,,,0.020826213,9.4504346e-05,0.080546947,0.078850952,,0.017367978,0.14033392,,0.033919905,0.05,0.81396864,0.89336825,0.8788361,0.90948643,0.98480538,1,1,1024,4,,,,,,,,,,,,,,,,,,,,,,,,,,,,,,,,,,,,,,,
468,6.0129613e-06,0.081520352,0.081520352,,,,,,,,,,,,,,,,,,,0.020849609,9.1450616e-05,0.081520352,0.080208725,,0.016016631,0.14440082,,0.026232539,0.05,0.80696761,0.88825619,0.86635436,0.91272072,0.98682738,1,1,1024,4,,,,,,,,,,,,,,,,,,,,,,,,,,,,,,,,,,,,,,,
469,5.9987719e-06,0.083729797,0.083729797,,,,,,,,,,,,,,,,,,,0.020884196,9.1958285e-05,0.083729797,0.082278455,,0.01871248,0.14584443,,0.029026852,0.05,0.79149751,0.88103843,0.86236093,0.90183312,0.98552737,1,1,1024,4,0.087997232,0.087997232,,,,,,,,,,,,,,,,,,,0.020924523,7.4263882e-05,0.087997232,0.086675159,,0.023533975,0.14981634,,0.026441478,0.05,0.7894217,0.87112442,0.85474365,0.9033755,0.98407108,1,1,1024,4
470,5.9845774e-06,0.083487783,0.083487783,,,,,,,,,,,,,,,,,,,0.020961507,9.1667237e-05,0.083487783,0.081990055,,0.017360239,0.14661987,,0.029954571,0.05,0.79732418,0.88379672,0.85990113,0.91112917,0.98575345,1,1,1024,4,,,,,,,,,,,,,,,,,,,,,,,,,,,,,,,,,,,,,,,
471,5.9703781e-06,0.086469382,0.086469382,,,,,,,,,,,,,,,,,,,0.021052043,9.4841926e-05,0.086469382,0.084961204,,0.01914014,0.15078227,,0.030163567,0.05,0.78838642,0.87632466,0.85184288,0.90473135,0.98524141,1,1,1024,4,,,,,,,,,,,,,,,,,,,,,,,,,,,,,,,,,,,,,,,
472,5.956174e-06,0.090911112,0.090911112,,,,,,,,,,,,,,,,,,,0.021125285,0.00010633161,0.090911112,0.089309516,,0.020233261,0.15838577,,0.032031904,0.05,0.78390109,0.87519819,0.85436702,0.89843932,0.98372085,1,1,1024,4,,,,,,,,,,,,,,,,,,,,,,,,,,,,,,,,,,,,,,,
473,5.9419653e-06,0.077469438,0.077469438,,,,,,,,,,,,,,,,,,,0.021112061,9.6109016e-05,0.077469438,0.075946511,,0.018320206,0.13357282,,0.030458519,0.05,0.80797348,0.89171446,0.8685013,0.91715979,0.98492048,1,1,1024,4,,,,,,,,,,,,,,,,,,,,,,,,,,,,,,,,,,,,,,,
474,5.9277522e-06,0.086965246,0.086965246,,,,,,,,,,,,,,,,,,,0.021128337,9.3827999e-05,0.086965246,0.085429108,,0.018554641,0.15230357,,0.030722772,0.05,0.79483345,0.88325926,0.85956548,0.90987235,0.98455897,1,1,1024,4,,,,,,,,,,,,,,,,,,,,,,,,,,,,,,,,,,,,,,,
475,5.9135348e-06,0.080818081,0.080818081,,,,,,,,,,,,,,,,,,,0.021130371,0.00010145703,0.080818081,0.0793198,,0.016926551,0.14171305,,0.029965617,0.05,0.80694753,0.88901861,0.86861786,0.91248708,0.98580623,1,1,1024,4,,,,,,,,,,,,,,,,,,,,,,,,,,,,,,,,,,,,,,,
476,5.8993132e-06,0.077443898,0.077443898,,,,,,,,,,,,,,,,,,,0.021178182,9.0301538e-05,0.077443898,0.076106986,,0.01694208,0.13527189,,0.026738242,0.05,0.80733991,0.88986784,0.87132465,0.91031718,0.98679189,1,1,1024,4,,,,,,,,,,,,,,,,,,,,,,,,,,,,,,,,,,,,,,,
477,5.8850875e-06,0.080510659,0.080510659,,,,,,,,,,,,,,,,,,,0.021261597,0.00010250312,0.080510659,0.079221229,,0.017520899,0.14092156,,0.025788599,0.05,0.80928504,0.89137672,0.87481586,0.91064236,0.98698,1,1,1024,4,,,,,,,,,,,,,,,,,,,,,,,,,,,,,,,,,,,,,,,
478,5.870858e-06,0.086355125,0.086355125,,,,,,,,,,,,,,,,,,,0.021270752,0.0001041819,0.086355125,0.084688303,,0.020587408,0.1487892,,0.033336437,0.05,0.79117175,0.88050055,0.85765898,0.90585566,0.98336486,1,1,1024,4,,,,,,,,,,,,,,,,,,,,,,,,,,,,,,,,,,,,,,,
479,5.8566248e-06,0.093110489,0.093110489,,,,,,,,,,,,,,,,,,,0.021253459,0.00010222575,0.093110489,0.09186372,,0.015993242,0.1677342,,0.024935378,0.05,0.78898433,0.87840833,0.85858702,0.90097018,0.98791114,1,1,1024,4,0.098322008,0.098322008,,,,,,,,,,,,,,,,,,,0.021305332,8.1609806e-05,0.098322008,0.096836462,,0.029608406,0.16406452,,0.029710918,0.05,0.76958279,0.85820383,0.87083428,0.86788275,0.98146439,1,1,1024,4
480,5.842388e-06,0.08394667,0.08394667,,,,,,,,,,,,,,,,,,,0.021336873,0.00010668431,0.08394667,0.082112954,,0.020108902,0.14411701,,0.036674315,0.05,0.79220214,0.88137939,0.86278196,0.90294942,0.98284879,1,1,1024,4,,,,,,,,,,,,,,,,,,,,,,,,,,,,,,,,,,,,,,,
481,5.8281477e-06,0.084907809,0.084907809,,,,,,,,,,,,,,,,,,,0.021329753,0.00010215035,0.084907809,0.083459881,,0.017384504,0.14953526,,0.028958555,0.05,0.80191141,0.8863222,0.86659214,0.90931669,0.9859825,1,1,1024,4,,,,,,,,,,,,,,,,,,,,,,,,,,,,,,,,,,,,,,,
482,5.8139041e-06,0.096986571,0.096986571,,,,,,,,,,,,,,,,,,,0.021281942,9.9349353e-05,0.096986571,0.095662504,,0.019162562,0.17216245,,0.026481325,0.05,0.77278282,0.86680118,0.84565181,0.89204384,0.98652558,1,1,1024,4,,,,,,,,,,,,,,,,,,,,,,,,,,,,,,,,,,,,,,,
483,5.7996574e-06,0.080813947,0.080813947,,,,,,,,,,,,,,,,,,,0.021229045,9.9345516e-05,0.080813947,0.079359453,,0.017836309,0.1408826,,0.029089876,0.05,0.79651118,0.88233791,0.85968128,0.9071026,0.9859918,1,1,1024,4,,,,,,,,,,,,,,,,,,,,,,,,,,,,,,,,,,,,,,,
484,5.7854076e-06,0.079940849,0.079940849,,,,,,,,,,,,,,,,,,,0.02121582,9.9853104e-05,0.079940849,0.078322817,,0.019075217,0.13757042,,0.032360624,0.05,0.80544369,0.88811062,0.86001844,0.91956207,0.98394393,1,1,1024,4,,,,,,,,,,,,,,,,,,,,,,,,,,,,,,,,,,,,,,,
485,5.771155e-06,0.074594611,0.074594611,,,,,,,,,,,,,,,,,,,0.021211751,0.00010447864,0.074594611,0.073218447,,0.016941709,0.12949518,,0.027523273,0.05,0.8088438,0.89145957,0.87054887,0.91494797,0.98632619,1,1,1024,4,,,,,,,,,,,,,,,,,,,,,,,,,,,,,,,,,,,,,,,
486,5.7568996e-06,0.083042963,0.083042963,,,,,,,,,,,,,,,,,,,0.0212677,0.00010358881,0.083042963,0.081539104,,0.0174445,0.14563371,,0.030077197,0.05,0.7959263,0.88277642,0.8563147,0.91246126,0.98527724,1,1,1024,4,,,,,,,,,,,,,,,,,,,,,,,,,,,,,,,,,,,,,,,
487,5.7426417e-06,0.076839949,0.076839949,,,,,,,,,,,,,,,,,,,0.021216838,9.6731347e-05,0.076839949,0.075362548,,0.017889287,0.13283581,,0.029548024,0.05,0.80666132,0.88988074,0.86527135,0.91753662,0.98539557,1,1,1024,4,,,,,,,,,,,,,,,,,,,,,,,,,,,,,,,,,,,,,,,
488,5.7283813e-06,0.083231567,0.083231567,,,,,,,,,,,,,,,,,,,0.021233114,8.9877459e-05,0.083231567,0.081697077,,0.019384911,0.14400924,,0.030689812,0.05,0.79714254,0.88357793,0.86589251,0.90365102,0.98435378,1,1,1024,4,,,,,,,,,,,,,,,,,,,,,,,,,,,,,,,,,,,,,,,
489,5.7141186e-06,0.088659117,0.088659117,,,,,,,,,,,,,,,,,,,0.021245321,9.2932793e-05,0.088659117,0.087072995,,0.018350043,0.15579595,,0.031722444,0.05,0.79913265,0.88506335,0.86315296,0.90952623,0.98475052,1,1,1024,4,0.093037744,0.093037744,,,,,,,,,,,,,,,,,,,0.021264529,7.7802058e-05,0.093037744,0.091661807,,0.027089281,0.15623433,,0.027518758,0.05,0.78065081,0.86522236,0.8537267,0.8961181,0.9830133,1,1,1024,4
490,5.6998538e-06,0.090130053,0.090130053,,,,,,,,,,,,,,,,,,,0.021284993,0.00010595612,0.090130053,0.088768849,,0.016384215,0.16115348,,0.027224069,0.05,0.79132363,0.87974795,0.85420717,0.90859145,0.98678222,1,1,1024,4,,,,,,,,,,,,,,,,,,,,,,,,,,,,,,,,,,,,,,,
491,5.6855869e-06,0.089814788,0.089814788,,,,,,,,,,,,,,,,,,,0.021356201,0.00010135801,0.089814788,0.0885074,,0.018058468,0.15895633,,0.026147778,0.05,0.78296112,0.87279701,0.85591488,0.89180736,0.98733433,1,1,1024,4,,,,,,,,,,,,,,,,,,,,,,,,,,,,,,,,,,,,,,,
492,5.6713182e-06,0.085636253,0.085636253,,,,,,,,,,,,,,,,,,,0.021496582,9.9248538e-05,0.085636253,0.084005724,,0.018370267,0.14964118,,0.032610583,0.05,0.7874205,0.87585155,0.85178743,0.90282445,0.98510625,1,1,1024,4,,,,,,,,,,,,,,,,,,,,,,,,,,,,,,,,,,,,,,,
493,5.6570477e-06,0.076184118,0.076184118,,,,,,,,,,,,,,,,,,,0.02166748,0.00011232792,0.076184118,0.074552113,,0.018749305,0.13035492,,0.032640109,0.05,0.81363471,0.8952094,0.8705029,0.92297273,0.98296214,1,1,1024,4,,,,,,,,,,,,,,,,,,,,,,,,,,,,,,,,,,,,,,,
494,5.6427757e-06,0.077159785,0.077159785,,,,,,,,,,,,,,,,,,,0.021762085,0.00010353596,0.077159785,0.075667767,,0.016204774,0.13513076,,0.029840335,0.05,0.8119786,0.89081678,0.86766127,0.91796994,0.98559851,1,1,1024,4,,,,,,,,,,,,,,,,,,,,,,,,,,,,,,,,,,,,,,,
495,5.6285022e-06,0.073952958,0.073952958,,,,,,,,,,,,,,,,,,,0.021869914,0.00010373474,0.073952958,0.072541978,,0.016986792,0.12809716,,0.028219598,0.05,0.81987619,0.89837492,0.87917536,0.92041645,0.98638427,1,1,1024,4,,,,,,,,,,,,,,,,,,,,,,,,,,,,,,,,,,,,,,,
496,5.6142275e-06,0.080829313,0.080829313,,,,,,,,,,,,,,,,,,,0.021912638,0.0001127225,0.080829313,0.079249211,,0.019359039,0.13913938,,0.031602035,0.05,0.79377472,0.88161019,0.8618389,0.90300885,0.98486164,1,1,1024,4,,,,,,,,,,,,,,,,,,,,,,,,,,,,,,,,,,,,,,,
497,5.5999515e-06,0.088259282,0.088259282,,,,,,,,,,,,,,,,,,,0.021947225,0.00012015884,0.088259282,0.086610622,,0.019477898,0.15374335,,0.03297318,0.05,0.78404226,0.87239278,0.84840002,0.90046461,0.98356363,1,1,1024,4,,,,,,,,,,,,,,,,,,,,,,,,,,,,,,,,,,,,,,,
498,5.5856746e-06,0.075469564,0.075469564,,,,,,,,,,,,,,,,,,,0.02203064,0.00012114308,0.075469564,0.074048203,,0.016840058,0.13125635,,0.028427217,0.05,0.81774712,0.89719006,0.87766414,0.91858342,0.98628334,1,1,1024,4,,,,,,,,,,,,,,,,,,,,,,,,,,,,,,,,,,,,,,,
499,5.5713968e-06,0.08589694,0.08589694,,,,,,,,,,,,,,,,,,,0.022026571,0.00012468284,0.08589694,0.084286395,,0.019511465,0.14906133,,0.032210892,0.05,0.79047919,0.87817235,0.85384881,0.90582893,0.98406732,1,1,1024,4,0.10658066,0.10658066,,,,,,,,,,,,,,,,,,,0.021992493,9.0728564e-05,0.10658066,0.10506269,,0.024960145,0.18516524,,0.030359326,0.05,0.75374081,0.84461318,0.79094224,0.93659982,0.98080052,1,1,1024,4
500,5.5571183e-06,0.079746157,0.079746157,,,,,,,,,,,,,,,,,,,0.021987915,0.00011241552,0.079746157,0.078350855,,0.016337749,0.14036396,,0.027906033,0.05,0.80024897,0.88486085,0.86165852,0.91035323,0.9864293,1,1,1024,4,,,,,,,,,,,,,,,,,,,,,,,,,,,,,,,,,,,,,,,
501,5.5428393e-06,0.080561102,0.080561102,,,,,,,,,,,,,,,,,,,0.022027588,0.00010599979,0.080561102,0.078947179,,0.019068659,0.1388257,,0.032278479,0.05,0.80188969,0.88520077,0.86279287,0.9104841,0.98388652,1,1,1024,4,,,,,,,,,,,,,,,,,,,,,,,,,,,,,,,,,,,,,,,
502,5.5285597e-06,0.087390637,0.087390637,,,,,,,,,,,,,,,,,,,0.022119141,0.00011919672,0.087390637,0.085904784,,0.016351952,0.15545762,,0.029717076,0.05,0.80670972,0.89004886,0.87242268,0.90936669,0.98601917,1,1,1024,4,,,,,,,,,,,,,,,,,,,,,,,,,,,,,,,,,,,,,,,
503,5.5142799e-06,0.07947975,0.07947975,,,,,,,,,,,,,,,,,,,0.022131348,0.00011986846,0.07947975,0.078077198,,0.016475558,0.13967884,,0.02805106,0.05,0.80400404,0.88782723,0.86027458,0.91942768,0.98600821,1,1,1024,4,,,,,,,,,,,,,,,,,,,,,,,,,,,,,,,,,,,,,,,
504,5.5e-06,0.09232424,0.09232424,,,,,,,,,,,,,,,,,,,0.022114054,0.00011217859,0.09232424,0.090876372,,0.020270132,0.16148261,,0.028957349,0.05,0.7785875,0.86982357,0.85194081,0.89053614,0.9851472,1,1,1024,4,,,,,,,,,,,,,,,,,,,,,,,,,,,,,,,,,,,,,,,
505,5.4857201e-06,0.084056712,0.084056712,,,,,,,,,,,,,,,,,,,0.022072347,0.0001197928,0.084056712,0.082469343,,0.017599969,0.14733872,,0.031747385,0.05,0.79921503,0.88150002,0.86531174,0.90075759,0.98531316,1,1,1024,4,,,,,,,,,,,,,,,,,,,,,,,,,,,,,,,,,,,,,,,
506,5.4714403e-06,0.09248626,0.09248626,,,,,,,,,,,,,,,,,,,0.021954346,0.00011317153,0.09248626,0.090962842,,0.020630675,0.16129501,,0.030468372,0.05,0.77313221,0.86773955,0.84782715,0.89071745,0.98478583,1,1,1024,4,,,,,,,,,,,,,,,,,,,,,,,,,,,,,,,,,,,,,,,
507,5.4571607e-06,0.078118695,0.078118695,,,,,,,,,,,,,,,,,,,0.021971639,0.00011592566,0.078118695,0.076605237,,0.017921995,0.13528848,,0.030269167,0.05,0.81072365,0.89242293,0.87327169,0.91435846,0.98519623,1,1,1024,4,,,,,,,,,,,,,,,,,,,,,,,,,,,,,,,,,,,,,,,
508,5.4428817e-06,0.077278649,0.077278649,,,,,,,,,,,,,,,,,,,0.021972656,0.00011271556,0.077278649,0.075835753,,0.01741251,0.134259,,0.028857919,0.05,0.80740804,0.89104091,0.86400361,0.92123852,0.98544175,1,1,1024,4,,,,,,,,,,,,,,,,,,,,,,,,,,,,,,,,,,,,,,,
509,5.4286032e-06,0.084803862,0.084803862,,,,,,,,,,,,,,,,,,,0.022009277,0.00011568088,0.084803862,0.083423896,,0.017203647,0.14964414,,0.027599304,0.05,0.78835023,0.87613972,0.8464107,0.9108679,0.98663909,1,1,1024,4,0.09210341,0.09210341,,,,,,,,,,,,,,,,,,,0.022031978,9.1016571e-05,0.09210341,0.090683851,,0.026810956,0.15455674,,0.028391186,0.05,0.78018754,0.86517262,0.86453248,0.88452848,0.98302611,1,1,1024,4
510,5.4143254e-06,0.075375933,0.075375933,,,,,,,,,,,,,,,,,,,0.022014364,0.00012446336,0.075375933,0.073984844,,0.01698701,0.13098268,,0.027821769,0.05,0.81024119,0.89213148,0.87255988,0.91408643,0.98611685,1,1,1024,4,,,,,,,,,,,,,,,,,,,,,,,,,,,,,,,,,,,,,,,
511,5.4000485e-06,0.073156322,0.073156322,,,,,,,,,,,,,,,,,,,0.022026571,0.00012550834,0.073156322,0.071818871,,0.016229305,0.12740844,,0.026749013,0.05,0.81089123,0.89337589,0.87406874,0.91462619,0.98690051,1,1,1024,4,,,,,,,,,,,,,,,,,,,,,,,,,,,,,,,,,,,,,,,
512,5.3857725e-06,0.074615722,0.074615722,,,,,,,,,,,,,,,,,,,0.02200826,0.00011406217,0.074615722,0.073113874,,0.017223148,0.1290046,,0.030036978,0.05,0.82035945,0.89866238,0.87766055,0.92180226,0.98475169,1,1,1024,4,,,,,,,,,,,,,,,,,,,,,,,,,,,,,,,,,,,,,,,
513,5.3714978e-06,0.075763389,0.075763389,,,,,,,,,,,,,,,,,,,0.022012329,0.00010797375,0.075763389,0.074320502,,0.016068802,0.1325722,,0.02885774,0.05,0.80929599,0.89177305,0.87080203,0.91559271,0.98690622,1,1,1024,4,,,,,,,,,,,,,,,,,,,,,,,,,,,,,,,,,,,,,,,
514,5.3572243e-06,0.083347574,0.083347574,,,,,,,,,,,,,,,,,,,0.022124227,0.00010360571,0.083347574,0.081755435,,0.017838087,0.14567278,,0.031842786,0.05,0.79515662,0.8814361,0.86034214,0.90498063,0.98521794,1,1,1024,4,,,,,,,,,,,,,,,,,,,,,,,,,,,,,,,,,,,,,,,
515,5.3429523e-06,0.08970349,0.08970349,,,,,,,,,,,,,,,,,,,0.022185262,0.00011556913,0.08970349,0.088311241,,0.01801195,0.15861053,,0.027845008,0.05,0.78018877,0.87205491,0.8490253,0.89769849,0.98654533,1,1,1024,4,,,,,,,,,,,,,,,,,,,,,,,,,,,,,,,,,,,,,,,
516,5.3286818e-06,0.073617416,0.073617416,,,,,,,,,,,,,,,,,,,0.022157796,0.00011725517,0.073617416,0.072052537,,0.018560054,0.12554502,,0.031297594,0.05,0.81394881,0.89554993,0.87913845,0.91368806,0.98469598,1,1,1024,4,,,,,,,,,,,,,,,,,,,,,,,,,,,,,,,,,,,,,,,
517,5.3144131e-06,0.076485315,0.076485315,,,,,,,,,,,,,,,,,,,0.022153727,0.0001140864,0.076485315,0.075095091,,0.016985376,0.13320481,,0.027804471,0.05,0.81289236,0.8923987,0.87507999,0.91168443,0.98644266,1,1,1024,4,,,,,,,,,,,,,,,,,,,,,,,,,,,,,,,,,,,,,,,
518,5.3001462e-06,0.080409049,0.080409049,,,,,,,,,,,,,,,,,,,0.022153727,0.00011750914,0.080409049,0.078711388,,0.019692153,0.13773062,,0.033953212,0.05,0.79358882,0.88289289,0.85787432,0.91115919,0.98364213,1,1,1024,4,,,,,,,,,,,,,,,,,,,,,,,,,,,,,,,,,,,,,,,
519,5.2858814e-06,0.078782383,0.078782383,,,,,,,,,,,,,,,,,,,0.022216797,0.00011036714,0.078782383,0.07742744,,0.016881748,0.13797313,,0.027098852,0.05,0.80160914,0.88732676,0.86598212,0.91095967,0.98666714,1,1,1024,4,0.088595982,0.088595982,,,,,,,,,,,,,,,,,,,0.02226153,9.2958665e-05,0.088595982,0.087252196,,0.025261132,0.14924326,,0.02687571,0.05,0.78536041,0.86861838,0.86621011,0.88660076,0.98367677,1,1,1024,4
520,5.2716187e-06,0.086730997,0.086730997,,,,,,,,,,,,,,,,,,,0.02227478,0.00011433571,0.086730997,0.085175872,,0.019097569,0.15125418,,0.031102515,0.05,0.78398367,0.87478387,0.85164603,0.90043203,0.98444416,1,1,1024,4,,,,,,,,,,,,,,,,,,,,,,,,,,,,,,,,,,,,,,,
521,5.2573583e-06,0.07263434,0.07263434,,,,,,,,,,,,,,,,,,,0.022259521,0.00011927318,0.07263434,0.070836256,,0.020413568,0.12125894,,0.035961684,0.05,0.81817976,0.89751095,0.88111434,0.91584904,0.98246402,1,1,1024,4,,,,,,,,,,,,,,,,,,,,,,,,,,,,,,,,,,,,,,,
522,5.2431004e-06,0.066386833,0.066386833,,,,,,,,,,,,,,,,,,,0.02223409,0.00011656648,0.066386833,0.06492902,,0.015214107,0.11464393,,0.029156245,0.05,0.83378948,0.90723256,0.88816254,0.92846856,0.98689551,1,1,1024,4,,,,,,,,,,,,,,,,,,,,,,,,,,,,,,,,,,,,,,,
523,5.228845e-06,0.077971302,0.077971302,,,,,,,,,,,,,,,,,,,0.022288005,0.00011613892,0.077971302,0.076548466,,0.017837462,0.13525947,,0.028456716,0.05,0.80702802,0.88853284,0.87245849,0.90606663,0.98600318,1,1,1024,4,,,,,,,,,,,,,,,,,,,,,,,,,,,,,,,,,,,,,,,
524,5.2145924e-06,0.089086603,0.089086603,,,,,,,,,,,,,,,,,,,0.022237142,0.00012233211,0.089086603,0.087610044,,0.019269218,0.15595087,,0.029531167,0.05,0.78136276,0.8732495,0.8522815,0.89815228,0.98516181,1,1,1024,4,,,,,,,,,,,,,,,,,,,,,,,,,,,,,,,,,,,,,,,
525,5.2003426e-06,0.077726279,0.077726279,,,,,,,,,,,,,,,,,,,0.022208659,0.00012086067,0.077726279,0.076201005,,0.017549243,0.13485277,,0.03050549,0.05,0.80812061,0.88943904,0.86680062,0.91523756,0.98530069,1,1,1024,4,,,,,,,,,,,,,,,,,,,,,,,,,,,,,,,,,,,,,,,
526,5.1860959e-06,0.078946637,0.078946637,,,,,,,,,,,,,,,,,,,0.0222229,0.00010761948,0.078946637,0.077497368,,0.018839916,0.13615482,,0.028985398,0.05,0.7961737,0.8828734,0.86407871,0.90320027,0.98546241,1,1,1024,4,,,,,,,,,,,,,,,,,,,,,,,,,,,,,,,,,,,,,,,
527,5.1718523e-06,0.079878577,0.079878577,,,,,,,,,,,,,,,,,,,0.022329712,0.00012325234,0.079878577,0.07857758,,0.017088556,0.1400666,,0.026019937,0.05,0.80240512,0.88590074,0.86694799,0.90718568,0.98722692,1,1,1024,4,,,,,,,,,,,,,,,,,,,,,,,,,,,,,,,,,,,,,,,
528,5.157612e-06,0.076076867,0.076076867,,,,,,,,,,,,,,,,,,,0.022450765,0.00012125683,0.076076867,0.074585117,,0.019233289,0.12993695,,0.029834994,0.05,0.80698491,0.89001881,0.86934195,0.91294112,0.98468066,1,1,1024,4,,,,,,,,,,,,,,,,,,,,,,,,,,,,,,,,,,,,,,,
529,5.1433752e-06,0.090689882,0.090689882,,,,,,,,,,,,,,,,,,,0.022627767,0.00012339192,0.090689882,0.089207363,,0.019808006,0.15860672,,0.029650378,0.05,0.77004409,0.86646827,0.84150904,0.89478646,0.98511867,1,1,1024,4,0.087582548,0.087582548,,,,,,,,,,,,,,,,,,,0.022654923,9.9356551e-05,0.087582548,0.086231556,,0.025093778,0.14736933,,0.027019842,0.05,0.78660947,0.86952235,0.86183901,0.89610035,0.98385779,1,1,1024,4
530,5.129142e-06,0.074875554,0.074875554,,,,,,,,,,,,,,,,,,,0.022637939,0.00012625785,0.074875554,0.073254893,,0.018031582,0.12847821,,0.032413203,0.05,0.81543858,0.89519354,0.86916966,0.92449302,0.98418992,1,1,1024,4,,,,,,,,,,,,,,,,,,,,,,,,,,,,,,,,,,,,,,,
531,5.1149125e-06,0.074132748,0.074132748,,,,,,,,,,,,,,,,,,,0.022602336,0.00012643709,0.074132748,0.072836208,,0.015889067,0.12978335,,0.025930778,0.05,0.81197375,0.8932278,0.87275376,0.91583853,0.98717914,1,1,1024,4,,,,,,,,,,,,,,,,,,,,,,,,,,,,,,,,,,,,,,,
532,5.1006868e-06,0.077762212,0.077762212,,,,,,,,,,,,,,,,,,,0.022624715,0.00011926106,0.077762212,0.076290922,,0.017666432,0.13491541,,0.029425794,0.05,0.80000317,0.88577966,0.86274843,0.91172423,0.98596806,1,1,1024,4,,,,,,,,,,,,,,,,,,,,,,,,,,,,,,,,,,,,,,,
533,5.0864652e-06,0.068399033,0.068399033,,,,,,,,,,,,,,,,,,,0.022617594,0.00012312663,0.068399033,0.066950641,,0.016227701,0.11767358,,0.02896785,0.05,0.82526893,0.90176392,0.88572447,0.9188387,0.98662441,1,1,1024,4,,,,,,,,,,,,,,,,,,,,,,,,,,,,,,,,,,,,,,,
534,5.0722478e-06,0.084443142,0.084443142,,,,,,,,,,,,,,,,,,,0.022578939,0.00012847536,0.084443142,0.082873697,,0.018721978,0.14702541,,0.031388885,0.05,0.79545076,0.88239895,0.85450568,0.91359692,0.98457994,1,1,1024,4,,,,,,,,,,,,,,,,,,,,,,,,,,,,,,,,,,,,,,,
535,5.0580347e-06,0.079328521,0.079328521,,,,,,,,,,,,,,,,,,,0.022495524,0.00012485919,0.079328521,0.077927722,,0.016703367,0.13915208,,0.028015984,0.05,0.80311423,0.88722314,0.86345889,0.91387554,0.98592147,1,1,1024,4,,,,,,,,,,,,,,,,,,,,,,,,,,,,,,,,,,,,,,,
536,5.043826e-06,0.076461846,0.076461846,,,,,,,,,,,,,,,,,,,0.022398885,0.0001204804,0.076461846,0.074926273,,0.018920178,0.13093237,,0.030711459,0.05,0.8085969,0.89210301,0.8696286,0.91701301,0.98447548,1,1,1024,4,,,,,,,,,,,,,,,,,,,,,,,,,,,,,,,,,,,,,,,
537,5.0296219e-06,0.090174764,0.090174764,,,,,,,,,,,,,,,,,,,0.022409058,0.00010683515,0.090174764,0.088648971,,0.018678372,0.15861957,,0.030515874,0.05,0.78824395,0.87814572,0.85734299,0.902193,0.98568005,1,1,1024,4,,,,,,,,,,,,,,,,,,,,,,,,,,,,,,,,,,,,,,,
538,5.0154226e-06,0.083185085,0.083185085,,,,,,,,,,,,,,,,,,,0.022462972,0.00011878343,0.083185085,0.08155711,,0.019277159,0.14383706,,0.032559491,0.05,0.79889824,0.88355449,0.86391751,0.90585569,0.98369888,1,1,1024,4,,,,,,,,,,,,,,,,,,,,,,,,,,,,,,,,,,,,,,,
539,5.0012281e-06,0.069398382,0.069398382,,,,,,,,,,,,,,,,,,,0.022436523,0.00011373842,0.069398382,0.067708117,,0.017802078,0.11761416,,0.033805301,0.05,0.82176678,0.90007453,0.8845972,0.91720784,0.98417555,1,1,1024,4,0.089926549,0.089926549,,,,,,,,,,,,,,,,,,,0.022411963,9.261391e-05,0.089926549,0.08850663,,0.028567739,0.14844552,,0.028398365,0.05,0.78344393,0.86743929,0.86607544,0.88721608,0.98305864,1,1,1024,4
540,4.9870387e-06,0.07678298,0.07678298,,,,,,,,,,,,,,,,,,,0.022391764,0.00011886235,0.07678298,0.075293784,,0.016845689,0.13374188,,0.029783908,0.05,0.81288869,0.89143878,0.86648889,0.92006754,0.98589524,1,1,1024,4,,,,,,,,,,,,,,,,,,,,,,,,,,,,,,,,,,,,,,,
541,4.9728544e-06,0.077765426,0.077765426,,,,,,,,,,,,,,,,,,,0.022364299,0.00011003219,0.077765426,0.076305266,,0.018037896,0.13457264,,0.029203206,0.05,0.80449018,0.88519848,0.87432907,0.89977144,0.98578915,1,1,1024,4,,,,,,,,,,,,,,,,,,,,,,,,,,,,,,,,,,,,,,,
542,4.9586754e-06,0.087541005,0.087541005,,,,,,,,,,,,,,,,,,,0.022334798,0.00011102602,0.087541005,0.085931795,,0.019867853,0.15199574,,0.032184234,0.05,0.78092555,0.87081099,0.84715719,0.89733912,0.98416308,1,1,1024,4,,,,,,,,,,,,,,,,,,,,,,,,,,,,,,,,,,,,,,,
543,4.9445019e-06,0.067828529,0.067828529,,,,,,,,,,,,,,,,,,,0.022359212,0.00011240829,0.067828529,0.066374534,,0.016828491,0.11592058,,0.029079901,0.05,0.82483902,0.90156562,0.87929542,0.92604628,0.9852948,1,1,1024,4,,,,,,,,,,,,,,,,,,,,,,,,,,,,,,,,,,,,,,,
544,4.930334e-06,0.074783276,0.074783276,,,,,,,,,,,,,,,,,,,0.022341919,0.00010537062,0.074783276,0.073377609,,0.017000277,0.12975494,,0.028113325,0.05,0.80461691,0.88865544,0.86411553,0.91731162,0.98620516,1,1,1024,4,,,,,,,,,,,,,,,,,,,,,,,,,,,,,,,,,,,,,,,
545,4.9161718e-06,0.086027109,0.086027109,,,,,,,,,,,,,,,,,,,0.022391764,0.00011649482,0.086027109,0.084352662,,0.020180262,0.14852506,,0.033488947,0.05,0.78924696,0.87944003,0.8548017,0.9077298,0.9834383,1,1,1024,4,,,,,,,,,,,,,,,,,,,,,,,,,,,,,,,,,,,,,,,
546,4.9020155e-06,0.067984489,0.067984489,,,,,,,,,,,,,,,,,,,0.022434489,0.00011287218,0.067984489,0.066659663,,0.016207504,0.11711182,,0.026496522,0.05,0.82372664,0.90194153,0.88759549,0.91738887,0.98646753,1,1,1024,4,,,,,,,,,,,,,,,,,,,,,,,,,,,,,,,,,,,,,,,
547,4.8878652e-06,0.083708011,0.083708011,,,,,,,,,,,,,,,,,,,0.022474162,0.00011675218,0.083708011,0.082047619,,0.019220978,0.14487426,,0.033207838,0.05,0.79551726,0.88198664,0.86256727,0.90495697,0.98400761,1,1,1024,4,,,,,,,,,,,,,,,,,,,,,,,,,,,,,,,,,,,,,,,
548,4.873721e-06,0.07362192,0.07362192,,,,,,,,,,,,,,,,,,,0.022532145,0.00012341101,0.07362192,0.072402082,,0.015845097,0.12895907,,0.024396755,0.05,0.80643951,0.89017665,0.86871041,0.91388303,0.98800095,1,1,1024,4,,,,,,,,,,,,,,,,,,,,,,,,,,,,,,,,,,,,,,,
549,4.8595832e-06,0.078885675,0.078885675,,,,,,,,,,,,,,,,,,,0.022551473,0.00011101143,0.078885675,0.077378835,,0.018306109,0.13645156,,0.030136817,0.05,0.80320237,0.88896089,0.86669218,0.91389216,0.98518661,1,1,1024,4,0.089279137,0.089279137,,,,,,,,,,,,,,,,,,,0.022519192,9.0777242e-05,0.089279137,0.087914118,,0.028707516,0.14712072,,0.027300375,0.05,0.78436341,0.86847903,0.87315575,0.88020013,0.98349684,1,1,1024,4
550,4.8454519e-06,0.086019845,0.086019845,,,,,,,,,,,,,,,,,,,0.022531128,0.00011883433,0.086019845,0.084278518,,0.021198377,0.14735866,,0.034826521,0.05,0.77692378,0.87137737,0.84652051,0.89941319,0.98233353,1,1,1024,4,,,,,,,,,,,,,,,,,,,,,,,,,,,,,,,,,,,,,,,
551,4.8313271e-06,0.077158822,0.077158822,,,,,,,,,,,,,,,,,,,0.022579956,0.00010133834,0.077158822,0.075848021,,0.015804885,0.13589116,,0.026216024,0.05,0.80712581,0.88979264,0.86822136,0.91373767,0.9874005,1,1,1024,4,,,,,,,,,,,,,,,,,,,,,,,,,,,,,,,,,,,,,,,
552,4.817209e-06,0.071338934,0.071338934,,,,,,,,,,,,,,,,,,,0.022659302,0.0001127561,0.071338934,0.069955068,,0.01711201,0.12279813,,0.02767731,0.05,0.81548055,0.89515019,0.87544091,0.91665212,0.98591515,1,1,1024,4,,,,,,,,,,,,,,,,,,,,,,,,,,,,,,,,,,,,,,,
553,4.8030979e-06,0.086328461,0.086328461,,,,,,,,,,,,,,,,,,,0.022697957,0.00011453872,0.086328461,0.084980584,,0.017022525,0.15293864,,0.026957526,0.05,0.78937183,0.87724743,0.85512486,0.90310238,0.98705928,1,1,1024,4,,,,,,,,,,,,,,,,,,,,,,,,,,,,,,,,,,,,,,,
554,4.7889937e-06,0.087003484,0.087003484,,,,,,,,,,,,,,,,,,,0.022710164,0.0001212509,0.087003484,0.085583075,,0.018286869,0.15287928,,0.028408222,0.05,0.78569793,0.87670911,0.85403927,0.90165526,0.9856859,1,1,1024,4,,,,,,,,,,,,,,,,,,,,,,,,,,,,,,,,,,,,,,,
555,4.7748967e-06,0.089304189,0.089304189,,,,,,,,,,,,,,,,,,,0.022713216,0.00011943449,0.089304189,0.087815835,,0.018356874,0.1572748,,0.029767088,0.05,0.78738963,0.87857112,0.85518395,0.9043239,0.98519569,1,1,1024,4,,,,,,,,,,,,,,,,,,,,,,,,,,,,,,,,,,,,,,,
556,4.760807e-06,0.08628154,0.08628154,,,,,,,,,,,,,,,,,,,0.022709147,0.00010802252,0.08628154,0.084789672,,0.018440657,0.15113869,,0.029837379,0.05,0.79179791,0.88050339,0.85315741,0.91160242,0.98480341,1,1,1024,4,,,,,,,,,,,,,,,,,,,,,,,,,,,,,,,,,,,,,,,
557,4.7467248e-06,0.072536697,0.072536697,,,,,,,,,,,,,,,,,,,0.022705078,0.00011452958,0.072536697,0.071070093,,0.016339427,0.12580076,,0.029332087,0.05,0.82086708,0.89747437,0.87606201,0.92168853,0.98542222,1,1,1024,4,,,,,,,,,,,,,,,,,,,,,,,,,,,,,,,,,,,,,,,
558,4.7326501e-06,0.096979976,0.096979976,,,,,,,,,,,,,,,,,,,0.022705078,0.00011580589,0.096979976,0.09558496,,0.019843957,0.17132596,,0.027900307,0.05,0.76302834,0.85992313,0.83847929,0.88384401,0.98580334,1,1,1024,4,,,,,,,,,,,,,,,,,,,,,,,,,,,,,,,,,,,,,,,
559,4.7185832e-06,0.076180063,0.076180063,,,,,,,,,,,,,,,,,,,0.022622681,0.00010686831,0.076180063,0.07482422,,0.017035881,0.13261256,,0.027116851,0.05,0.80907831,0.89128864,0.86895065,0.91625194,0.98619931,1,1,1024,4,0.08800108,0.08800108,,,,,,,,,,,,,,,,,,,0.022563541,8.8439699e-05,0.08800108,0.086625544,,0.026657134,0.14659395,,0.027510723,0.05,0.78421867,0.86808733,0.85811771,0.89487251,0.98390709,1,1,1024,4
560,4.7045241e-06,0.081181733,0.081181733,,,,,,,,,,,,,,,,,,,0.022554525,0.0001073638,0.081181733,0.079721814,,0.01818344,0.14126019,,0.029198373,0.05,0.79878719,0.88490523,0.86301376,0.90967159,0.98574177,1,1,1024,4,,,,,,,,,,,,,,,,,,,,,,,,,,,,,,,,,,,,,,,
561,4.6904731e-06,0.076725915,0.076725915,,,,,,,,,,,,,,,,,,,0.022528076,0.00010462684,0.076725915,0.075211997,,0.016591419,0.13383258,,0.030278342,0.05,0.81411973,0.89300764,0.87136698,0.91858739,0.98558911,1,1,1024,4,,,,,,,,,,,,,,,,,,,,,,,,,,,,,,,,,,,,,,,
562,4.6764302e-06,0.084867008,0.084867008,,,,,,,,,,,,,,,,,,,0.022497559,0.00010467818,0.084867008,0.083221977,,0.018271483,0.14817247,,0.032900628,0.05,0.79978132,0.88399047,0.8601313,0.91132574,0.98392812,1,1,1024,4,,,,,,,,,,,,,,,,,,,,,,,,,,,,,,,,,,,,,,,
563,4.6623956e-06,0.087059056,0.087059056,,,,,,,,,,,,,,,,,,,0.022477214,0.00010227557,0.087059056,0.085454403,,0.019279939,0.15162887,,0.032093064,0.05,0.78098334,0.8723657,0.85400025,0.89421024,0.98450279,1,1,1024,4,,,,,,,,,,,,,,,,,,,,,,,,,,,,,,,,,,,,,,,
564,4.6483694e-06,0.073606635,0.073606635,,,,,,,,,,,,,,,,,,,0.022530111,0.00010752716,0.073606635,0.072169871,,0.016380933,0.12795881,,0.028735292,0.05,0.81435619,0.89318754,0.8667364,0.92366728,0.98608764,1,1,1024,4,,,,,,,,,,,,,,,,,,,,,,,,,,,,,,,,,,,,,,,
565,4.6343518e-06,0.072385438,0.072385438,,,,,,,,,,,,,,,,,,,0.022569784,0.00011046235,0.072385438,0.070919742,,0.018816047,0.12302344,,0.029313921,0.05,0.81124773,0.89341162,0.88130792,0.90649872,0.9856659,1,1,1024,4,,,,,,,,,,,,,,,,,,,,,,,,,,,,,,,,,,,,,,,
566,4.6203429e-06,0.077981495,0.077981495,,,,,,,,,,,,,,,,,,,0.022583008,0.00011026149,0.077981495,0.076462547,,0.018186393,0.1347387,,0.030378947,0.05,0.7982955,0.88518767,0.86540193,0.90716949,0.98479007,1,1,1024,4,,,,,,,,,,,,,,,,,,,,,,,,,,,,,,,,,,,,,,,
567,4.6063429e-06,0.080512655,0.080512655,,,,,,,,,,,,,,,,,,,0.022583008,0.0001140564,0.080512655,0.079133656,,0.016648991,0.14161832,,0.027579991,0.05,0.80405507,0.88794941,0.8671171,0.91107315,0.98665218,1,1,1024,4,,,,,,,,,,,,,,,,,,,,,,,,,,,,,,,,,,,,,,,
568,4.5923519e-06,0.07659373,0.07659373,,,,,,,,,,,,,,,,,,,0.022607422,0.0001117712,0.07659373,0.075215734,,0.016580664,0.1338508,,0.027559914,0.05,0.8085553,0.88984795,0.86742972,0.9152201,0.98599589,1,1,1024,4,,,,,,,,,,,,,,,,,,,,,,,,,,,,,,,,,,,,,,,
569,4.57837e-06,0.082434628,0.082434628,,,,,,,,,,,,,,,,,,,0.022654215,0.00011817452,0.082434628,0.080833113,,0.019521019,0.14214521,,0.032030303,0.05,0.79402129,0.88188831,0.86535158,0.90095576,0.98439689,1,1,1024,4,0.089695591,0.089695591,,,,,,,,,,,,,,,,,,,0.02264799,8.966679e-05,0.089695591,0.088338465,,0.026719304,0.14995763,,0.027142521,0.05,0.77956375,0.86464958,0.85099871,0.8994509,0.98329478,1,1,1024,4
570,4.5643974e-06,0.088513426,0.088513426,,,,,,,,,,,,,,,,,,,0.022646077,0.0001118511,0.088513426,0.087147861,,0.017987196,0.15630853,,0.027311294,0.05,0.78860046,0.87465312,0.85030636,0.90298443,0.9864886,1,1,1024,4,,,,,,,,,,,,,,,,,,,,,,,,,,,,,,,,,,,,,,,
571,4.5504342e-06,0.069788931,0.069788931,,,,,,,,,,,,,,,,,,,0.022640991,0.00010999747,0.069788931,0.068429371,,0.017064247,0.11979449,,0.027191195,0.05,0.81704633,0.8958759,0.8781224,0.91543863,0.98665907,1,1,1024,4,,,,,,,,,,,,,,,,,,,,,,,,,,,,,,,,,,,,,,,
572,4.5364806e-06,0.085199299,0.085199299,,,,,,,,,,,,,,,,,,,0.022663371,0.00010784989,0.085199299,0.083725132,,0.018136374,0.14931389,,0.029483335,0.05,0.78879923,0.87807436,0.8527136,0.90690352,0.98557399,1,1,1024,4,,,,,,,,,,,,,,,,,,,,,,,,,,,,,,,,,,,,,,,
573,4.5225367e-06,0.080731632,0.080731632,,,,,,,,,,,,,,,,,,,0.022712199,0.00010717599,0.080731632,0.079213535,,0.020209254,0.13821782,,0.030361926,0.05,0.79159477,0.87828722,0.85709344,0.90235233,0.98465345,1,1,1024,4,,,,,,,,,,,,,,,,,,,,,,,,,,,,,,,,,,,,,,,
574,4.5086026e-06,0.075498911,0.075498911,,,,,,,,,,,,,,,,,,,0.022780355,0.000108991,0.075498911,0.074035969,,0.017635372,0.13043657,,0.029258848,0.05,0.79834773,0.88430113,0.86217785,0.90887137,0.98562403,1,1,1024,4,,,,,,,,,,,,,,,,,,,,,,,,,,,,,,,,,,,,,,,
575,4.4946785e-06,0.084859383,0.084859383,,,,,,,,,,,,,,,,,,,0.022777303,0.00011520774,0.084859383,0.083255071,,0.020278891,0.14623125,,0.032086224,0.05,0.7908899,0.87978829,0.86122408,0.90070474,0.98418289,1,1,1024,4,,,,,,,,,,,,,,,,,,,,,,,,,,,,,,,,,,,,,,,
576,4.4807645e-06,0.069110646,0.069110646,,,,,,,,,,,,,,,,,,,0.022824097,0.00011678987,0.069110646,0.067603428,,0.017668914,0.11753794,,0.030144355,0.05,0.81868526,0.89745832,0.88242351,0.91494053,0.98454054,1,1,1024,4,,,,,,,,,,,,,,,,,,,,,,,,,,,,,,,,,,,,,,,
577,4.4668608e-06,0.080235259,0.080235259,,,,,,,,,,,,,,,,,,,0.022884115,0.00011576041,0.080235259,0.078722783,,0.019198374,0.13824719,,0.030249521,0.05,0.78731843,0.87721892,0.85261888,0.90440224,0.98464901,1,1,1024,4,,,,,,,,,,,,,,,,,,,,,,,,,,,,,,,,,,,,,,,
578,4.4529675e-06,0.087349297,0.087349297,,,,,,,,,,,,,,,,,,,0.022889201,0.00011923034,0.087349297,0.085932711,,0.017998262,0.15386716,,0.028331711,0.05,0.78607744,0.8753088,0.85398307,0.89927951,0.9862698,1,1,1024,4,,,,,,,,,,,,,,,,,,,,,,,,,,,,,,,,,,,,,,,
579,4.4390848e-06,0.073485712,0.073485712,,,,,,,,,,,,,,,,,,,0.022953288,0.00012644043,0.073485712,0.072145828,,0.014179287,0.13011237,,0.026797687,0.05,0.82574606,0.90193327,0.88379426,0.92147535,0.98769662,1,1,1024,4,0.090074539,0.090074539,,,,,,,,,,,,,,,,,,,0.022977566,9.6045638e-05,0.090074539,0.08864707,,0.028952086,0.14834205,,0.028549373,0.05,0.78149358,0.86578271,0.85381408,0.89778639,0.98329309,1,1,1024,4
580,4.4252127e-06,0.077638077,0.077638077,,,,,,,,,,,,,,,,,,,0.022988892,0.00011489017,0.077638077,0.076111548,,0.018062945,0.13416015,,0.030530574,0.05,0.80892685,0.89125843,0.87324047,0.91126671,0.98542458,1,1,1024,4,,,,,,,,,,,,,,,,,,,,,,,,,,,,,,,,,,,,,,,
581,4.4113515e-06,0.076101482,0.076101482,,,,,,,,,,,,,,,,,,,0.023063151,0.00012057685,0.076101482,0.074681503,,0.016416434,0.13294657,,0.028399584,0.05,0.81748543,0.89669398,0.87501869,0.92115375,0.9861859,1,1,1024,4,,,,,,,,,,,,,,,,,,,,,,,,,,,,,,,,,,,,,,,
582,4.3975012e-06,0.0779445,0.0779445,,,,,,,,,,,,,,,,,,,0.023117065,0.0001212729,0.0779445,0.076483561,,0.016874329,0.13609279,,0.029218769,0.05,0.80506541,0.88712216,0.86430763,0.91271522,0.98641393,1,1,1024,4,,,,,,,,,,,,,,,,,,,,,,,,,,,,,,,,,,,,,,,
583,4.383662e-06,0.073571579,0.073571579,,,,,,,,,,,,,,,,,,,0.023198446,0.00012830995,0.073571579,0.072154892,,0.017727191,0.12658259,,0.02833373,0.05,0.8043489,0.88820694,0.86860078,0.90985924,0.98588494,1,1,1024,4,,,,,,,,,,,,,,,,,,,,,,,,,,,,,,,,,,,,,,,
584,4.3698341e-06,0.080461016,0.080461016,,,,,,,,,,,,,,,,,,,0.023207601,0.00012844777,0.080461016,0.078995371,,0.018356984,0.13963376,,0.029312911,0.05,0.78907278,0.87827856,0.85684633,0.90184855,0.98494502,1,1,1024,4,,,,,,,,,,,,,,,,,,,,,,,,,,,,,,,,,,,,,,,
585,4.3560175e-06,0.066130658,0.066130658,,,,,,,,,,,,,,,,,,,0.023139445,0.00011810708,0.066130658,0.06489386,,0.014738808,0.11504891,,0.024735953,0.05,0.83520469,0.90692058,0.88714379,0.92838053,0.98765563,1,1,1024,4,,,,,,,,,,,,,,,,,,,,,,,,,,,,,,,,,,,,,,,
586,4.3422125e-06,0.084155668,0.084155668,,,,,,,,,,,,,,,,,,,0.023093669,0.00011812526,0.084155668,0.082715793,,0.017262305,0.14816928,,0.028797499,0.05,0.79401743,0.87894095,0.85594983,0.90665116,0.98588897,1,1,1024,4,,,,,,,,,,,,,,,,,,,,,,,,,,,,,,,,,,,,,,,
587,4.3284191e-06,0.073229246,0.073229246,,,,,,,,,,,,,,,,,,,0.023093669,0.00012129775,0.073229246,0.071844365,,0.015698678,0.12799005,,0.027697634,0.05,0.82058468,0.89841332,0.87913858,0.92019452,0.98669992,1,1,1024,4,,,,,,,,,,,,,,,,,,,,,,,,,,,,,,,,,,,,,,,
588,4.3146375e-06,0.086906643,0.086906643,,,,,,,,,,,,,,,,,,,0.023143514,0.00011949445,0.086906643,0.085363392,,0.01983769,0.15088909,,0.03086501,0.05,0.78381718,0.87110567,0.8455606,0.90039206,0.98423853,1,1,1024,4,,,,,,,,,,,,,,,,,,,,,,,,,,,,,,,,,,,,,,,
589,4.3008678e-06,0.07545879,0.07545879,,,,,,,,,,,,,,,,,,,0.023183187,0.00012677087,0.07545879,0.073936666,,0.018910854,0.12896248,,0.030442472,0.05,0.80066555,0.88600362,0.87013366,0.90324792,0.98471795,1,1,1024,4,0.091235391,0.091235391,,,,,,,,,,,,,,,,,,,0.023210051,0.00010006024,0.091235391,0.089823257,,0.030078627,0.14956789,,0.028242672,0.05,0.77872432,0.86435759,0.86348968,0.88528878,0.98282668,1,1,1024,4
590,4.2871103e-06,0.076432375,0.076432375,,,,,,,,,,,,,,,,,,,0.023219808,0.00012576682,0.076432375,0.075042744,,0.017305611,0.13277988,,0.02779262,0.05,0.80792245,0.89108915,0.874225,0.90946583,0.98619794,1,1,1024,4,,,,,,,,,,,,,,,,,,,,,,,,,,,,,,,,,,,,,,,
591,4.2733649e-06,0.072565464,0.072565464,,,,,,,,,,,,,,,,,,,0.023217773,0.00011959123,0.072565464,0.070998443,,0.016728382,0.1252685,,0.031340429,0.05,0.80849958,0.89164086,0.87344422,0.91244416,0.98559424,1,1,1024,4,,,,,,,,,,,,,,,,,,,,,,,,,,,,,,,,,,,,,,,
592,4.2596319e-06,0.072592556,0.072592556,,,,,,,,,,,,,,,,,,,0.023251343,0.00012600445,0.072592556,0.071175036,,0.017408855,0.12494122,,0.028350396,0.05,0.81013822,0.89182588,0.87173255,0.91461645,0.98584353,1,1,1024,4,,,,,,,,,,,,,,,,,,,,,,,,,,,,,,,,,,,,,,,
593,4.2459114e-06,0.073551125,0.073551125,,,,,,,,,,,,,,,,,,,0.023310343,0.00012715053,0.073551125,0.072198442,,0.015728818,0.12866807,,0.027053668,0.05,0.81780448,0.89677385,0.87558566,0.91990394,0.98670427,1,1,1024,4,,,,,,,,,,,,,,,,,,,,,,,,,,,,,,,,,,,,,,,
594,4.2322035e-06,0.075006894,0.075006894,,,,,,,,,,,,,,,,,,,0.023309326,0.00012587181,0.075006894,0.073707218,,0.017184057,0.13023038,,0.025993542,0.05,0.81141216,0.89189618,0.87337625,0.91239798,0.98748553,1,1,1024,4,,,,,,,,,,,,,,,,,,,,,,,,,,,,,,,,,,,,,,,
595,4.2185084e-06,0.070118581,0.070118581,,,,,,,,,,,,,,,,,,,0.023295085,0.00012849518,0.070118581,0.068692594,,0.017182402,0.12020279,,0.028519743,0.05,0.81458154,0.89526504,0.87800394,0.91441847,0.98610789,1,1,1024,4,,,,,,,,,,,,,,,,,,,,,,,,,,,,,,,,,,,,,,,
596,4.2048262e-06,0.08182215,0.08182215,,,,,,,,,,,,,,,,,,,0.023314412,0.00012740953,0.08182215,0.08025874,,0.019532116,0.14098536,,0.03126819,0.05,0.791945,0.88054264,0.85879348,0.90641471,0.98456509,1,1,1024,4,,,,,,,,,,,,,,,,,,,,,,,,,,,,,,,,,,,,,,,
597,4.191157e-06,0.074606838,0.074606838,,,,,,,,,,,,,,,,,,,0.023377482,0.00012485639,0.074606838,0.072934371,,0.019336803,0.12653194,,0.033449354,0.05,0.80743501,0.89074065,0.87052304,0.91323017,0.98306138,1,1,1024,4,,,,,,,,,,,,,,,,,,,,,,,,,,,,,,,,,,,,,,,
598,4.177501e-06,0.086735549,0.086735549,,,,,,,,,,,,,,,,,,,0.023417155,0.00012742901,0.086735549,0.085238792,,0.01837635,0.15210123,,0.029935133,0.05,0.7924682,0.88093945,0.85779961,0.90679883,0.98487064,1,1,1024,4,,,,,,,,,,,,,,,,,,,,,,,,,,,,,,,,,,,,,,,
599,4.1638583e-06,0.07791882,0.07791882,,,,,,,,,,,,,,,,,,,0.023476156,0.00013115893,0.07791882,0.076344972,,0.018707836,0.13398211,,0.031476951,0.05,0.80098863,0.88596322,0.86221684,0.91268975,0.98463624,1,1,1024,4,0.090421167,0.090421167,,,,,,,,,,,,,,,,,,,0.023520395,0.00010291631,0.090421167,0.088978986,,0.029522309,0.14843566,,0.028843613,0.05,0.78044162,0.86528787,0.86380986,0.88686556,0.98301309,1,1,1024,4
600,4.1502291e-06,0.082873714,0.082873714,,,,,,,,,,,,,,,,,,,0.023522949,0.00012905487,0.082873714,0.081112424,,0.019990644,0.14223421,,0.035225812,0.05,0.80214763,0.8857093,0.86057302,0.91445628,0.98185261,1,1,1024,4,,,,,,,,,,,,,,,,,,,,,,,,,,,,,,,,,,,,,,,
601,4.1366135e-06,0.073674967,0.073674967,,,,,,,,,,,,,,,,,,,0.023555501,0.00011202281,0.073674967,0.072111235,,0.016726326,0.12749614,,0.031274633,0.05,0.81585667,0.89578113,0.87723925,0.91680821,0.98533684,1,1,1024,4,,,,,,,,,,,,,,,,,,,,,,,,,,,,,,,,,,,,,,,
602,4.1230116e-06,0.071009622,0.071009622,,,,,,,,,,,,,,,,,,,0.023607381,0.00012672767,0.071009622,0.06956232,,0.016937258,0.12218738,,0.02894602,0.05,0.81653189,0.89654407,0.87620994,0.91860539,0.98585795,1,1,1024,4,,,,,,,,,,,,,,,,,,,,,,,,,,,,,,,,,,,,,,,
603,4.1094235e-06,0.086633075,0.086633075,,,,,,,,,,,,,,,,,,,0.023687744,0.00012869826,0.086633075,0.085132358,,0.018032254,0.15223246,,0.030014328,0.05,0.78327687,0.87413359,0.846267,0.90549145,0.9852747,1,1,1024,4,,,,,,,,,,,,,,,,,,,,,,,,,,,,,,,,,,,,,,,
604,4.0958495e-06,0.082756726,0.082756726,,,,,,,,,,,,,,,,,,,0.023811849,0.00013059852,0.082756726,0.081335769,,0.018050954,0.14462058,,0.028419133,0.05,0.80410636,0.88701167,0.86815804,0.90763215,0.98589734,1,1,1024,4,,,,,,,,,,,,,,,,,,,,,,,,,,,,,,,,,,,,,,,
605,4.0822896e-06,0.086739559,0.086739559,,,,,,,,,,,,,,,,,,,0.023876953,0.00013504028,0.086739559,0.085247135,,0.019434636,0.15105963,,0.029848467,0.05,0.77801311,0.86948126,0.84551766,0.89586214,0.98459077,1,1,1024,4,,,,,,,,,,,,,,,,,,,,,,,,,,,,,,,,,,,,,,,
606,4.068744e-06,0.076202341,0.076202341,,,,,,,,,,,,,,,,,,,0.023842367,0.00013030202,0.076202341,0.074570244,,0.016897677,0.13224281,,0.032641947,0.05,0.80910857,0.89175695,0.87732503,0.90821259,0.98534605,1,1,1024,4,,,,,,,,,,,,,,,,,,,,,,,,,,,,,,,,,,,,,,,
607,4.0552128e-06,0.071022548,0.071022548,,,,,,,,,,,,,,,,,,,0.023770142,0.0001337603,0.071022548,0.069536883,,0.016938455,0.12213531,,0.02971331,0.05,0.81538799,0.89589659,0.87429814,0.91970822,0.98539906,1,1,1024,4,,,,,,,,,,,,,,,,,,,,,,,,,,,,,,,,,,,,,,,
608,4.0416961e-06,0.069662865,0.069662865,,,,,,,,,,,,,,,,,,,0.023728434,0.00012812881,0.069662865,0.068290454,,0.01642723,0.12015368,,0.027448215,0.05,0.8143377,0.89464233,0.8740164,0.91750561,0.98639949,1,1,1024,4,,,,,,,,,,,,,,,,,,,,,,,,,,,,,,,,,,,,,,,
609,4.0281942e-06,0.078736441,0.078736441,,,,,,,,,,,,,,,,,,,0.023772176,0.00012974938,0.078736441,0.077308475,,0.017201578,0.13741537,,0.028559306,0.05,0.79579427,0.88402629,0.86061483,0.90982617,0.98619887,1,1,1024,4,0.093382815,0.093382815,,,,,,,,,,,,,,,,,,,0.023783306,0.0001046479,0.093382815,0.091905669,,0.030974391,0.15283695,,0.029542914,0.05,0.77246432,0.86050415,0.86671164,0.87613996,0.98191904,1,1,1024,4
610,4.014707e-06,0.058418579,0.058418579,,,,,,,,,,,,,,,,,,,0.023781331,0.00012724885,0.058418579,0.057045597,,0.0151646,0.098926594,,0.027459659,0.05,0.84496442,0.91385808,0.89595242,0.93345014,0.98691185,1,1,1024,4,,,,,,,,,,,,,,,,,,,,,,,,,,,,,,,,,,,,,,,
611,4.0012348e-06,0.067901805,0.067901805,,,,,,,,,,,,,,,,,,,0.023835246,0.00011941554,0.067901805,0.066350744,,0.015171055,0.11753043,,0.031021235,0.05,0.82477817,0.9011491,0.8811598,0.92351137,0.98633049,1,1,1024,4,,,,,,,,,,,,,,,,,,,,,,,,,,,,,,,,,,,,,,,
612,3.9877777e-06,0.067444829,0.067444829,,,,,,,,,,,,,,,,,,,0.02381897,0.00013850165,0.067444829,0.066090516,,0.015627335,0.1165537,,0.027086247,0.05,0.8292094,0.90423975,0.88532293,0.92512338,0.98714155,1,1,1024,4,,,,,,,,,,,,,,,,,,,,,,,,,,,,,,,,,,,,,,,
613,3.9743359e-06,0.074505207,0.074505207,,,,,,,,,,,,,,,,,,,0.023851522,0.00013313483,0.074505207,0.073004695,,0.01645799,0.1295514,,0.030010236,0.05,0.8176526,0.89756393,0.87592286,0.92194805,0.98514452,1,1,1024,4,,,,,,,,,,,,,,,,,,,,,,,,,,,,,,,,,,,,,,,
614,3.9609094e-06,0.08156486,0.08156486,,,,,,,,,,,,,,,,,,,0.023937988,0.00013216954,0.08156486,0.079943359,,0.018615643,0.14127107,,0.032430029,0.05,0.79454281,0.88203902,0.85526523,0.91228682,0.98399512,1,1,1024,4,,,,,,,,,,,,,,,,,,,,,,,,,,,,,,,,,,,,,,,
615,3.9474983e-06,0.074859149,0.074859149,,,,,,,,,,,,,,,,,,,0.023964437,0.00014117982,0.074859149,0.073446008,,0.016540516,0.1303515,,0.028262817,0.05,0.80523391,0.88899359,0.86610356,0.9146812,0.98615549,1,1,1024,4,,,,,,,,,,,,,,,,,,,,,,,,,,,,,,,,,,,,,,,
616,3.934103e-06,0.075526896,0.075526896,,,,,,,,,,,,,,,,,,,0.023953247,0.00012584695,0.075526896,0.073749211,,0.018936373,0.12856205,,0.035553688,0.05,0.80298108,0.88801479,0.87095301,0.90703864,0.98387424,1,1,1024,4,,,,,,,,,,,,,,,,,,,,,,,,,,,,,,,,,,,,,,,
617,3.9207234e-06,0.064759667,0.064759667,,,,,,,,,,,,,,,,,,,0.02390035,0.00013239736,0.064759667,0.063459091,,0.015289015,0.11162917,,0.026011535,0.05,0.82820895,0.90382426,0.88597609,0.92320943,0.98763426,1,1,1024,4,,,,,,,,,,,,,,,,,,,,,,,,,,,,,,,,,,,,,,,
618,3.9073597e-06,0.079782153,0.079782153,,,,,,,,,,,,,,,,,,,0.023843699,0.0001270222,0.079782153,0.078247694,,0.017770358,0.13872503,,0.030689176,0.05,0.80037411,0.88523455,0.86122593,0.91252911,0.98468951,1,1,1024,4,,,,,,,,,,,,,,,,,,,,,,,,,,,,,,,,,,,,,,,
619,3.894012e-06,0.078126108,0.078126108,,,,,,,,,,,,,,,,,,,0.023794556,0.00013852491,0.078126108,0.07683242,,0.016058768,0.13760607,,0.025873756,0.05,0.80754719,0.89084511,0.8671342,0.91708616,0.98739054,1,1,1024,4,0.091326878,0.091326878,,,,,,,,,,,,,,,,,,,0.023776432,9.9829956e-05,0.091326878,0.089986031,,0.032890911,0.14708115,,0.026816959,0.05,0.77874086,0.86465289,0.86846367,0.879739,0.98316292,1,1,1024,4
620,3.8806805e-06,0.077438877,0.077438877,,,,,,,,,,,,,,,,,,,0.0237559,0.00012792979,0.077438877,0.075977503,,0.017392119,0.13456289,,0.029227489,0.05,0.79929022,0.88464948,0.86190389,0.91005007,0.98539862,1,1,1024,4,,,,,,,,,,,,,,,,,,,,,,,,,,,,,,,,,,,,,,,
621,3.8673653e-06,0.072865345,0.072865345,,,,,,,,,,,,,,,,,,,0.023741659,0.00012171268,0.072865345,0.071372216,,0.017656415,0.12508802,,0.029862584,0.05,0.81174599,0.89357216,0.87227649,0.91754073,0.98493097,1,1,1024,4,,,,,,,,,,,,,,,,,,,,,,,,,,,,,,,,,,,,,,,
622,3.8540666e-06,0.074744139,0.074744139,,,,,,,,,,,,,,,,,,,0.023757935,0.00012522235,0.074744139,0.073319035,,0.017143099,0.12949497,,0.028502086,0.05,0.80414134,0.88731628,0.86720033,0.91041547,0.98600484,1,1,1024,4,,,,,,,,,,,,,,,,,,,,,,,,,,,,,,,,,,,,,,,
623,3.8407844e-06,0.077545658,0.077545658,,,,,,,,,,,,,,,,,,,0.023762004,0.00011885297,0.077545658,0.076090914,,0.017794407,0.13438742,,0.029094858,0.05,0.80562559,0.8883354,0.86531741,0.91416563,0.98574272,1,1,1024,4,,,,,,,,,,,,,,,,,,,,,,,,,,,,,,,,,,,,,,,
624,3.8275189e-06,0.06862158,0.06862158,,,,,,,,,,,,,,,,,,,0.023810832,0.00012289555,0.06862158,0.067321199,,0.014971889,0.11967051,,0.026007615,0.05,0.82163472,0.90007172,0.87896517,0.92345335,0.98716455,1,1,1024,4,,,,,,,,,,,,,,,,,,,,,,,,,,,,,,,,,,,,,,,
625,3.8142703e-06,0.082985192,0.082985192,,,,,,,,,,,,,,,,,,,0.023861694,0.00012024622,0.082985192,0.081381022,,0.019503271,0.14325877,,0.032083382,0.05,0.78779823,0.8756551,0.85547544,0.89873417,0.98440698,1,1,1024,4,,,,,,,,,,,,,,,,,,,,,,,,,,,,,,,,,,,,,,,
626,3.8010387e-06,0.080266148,0.080266148,,,,,,,,,,,,,,,,,,,0.023885091,0.00012557505,0.080266148,0.078678558,,0.01824037,0.13911675,,0.031751801,0.05,0.79843088,0.88544039,0.86534457,0.90839249,0.9846788,1,1,1024,4,,,,,,,,,,,,,,,,,,,,,,,,,,,,,,,,,,,,,,,
627,3.7878241e-06,0.073709253,0.073709253,,,,,,,,,,,,,,,,,,,0.023897298,0.00012965459,0.073709253,0.072342344,,0.017269632,0.12741506,,0.02733819,0.05,0.80583204,0.88993144,0.86891195,0.91313524,0.98604363,1,1,1024,4,,,,,,,,,,,,,,,,,,,,,,,,,,,,,,,,,,,,,,,
628,3.7746269e-06,0.067897081,0.067897081,,,,,,,,,,,,,,,,,,,0.02396342,0.00013044186,0.067897081,0.066253618,,0.018168661,0.11433857,,0.032869244,0.05,0.82022575,0.89909759,0.88150231,0.91883164,0.9851562,1,1,1024,4,,,,,,,,,,,,,,,,,,,,,,,,,,,,,,,,,,,,,,,
629,3.7614469e-06,0.086444086,0.086444086,,,,,,,,,,,,,,,,,,,0.024027507,0.00013069616,0.086444086,0.085039321,,0.018437652,0.15164099,,0.028095292,0.05,0.79295371,0.88038923,0.85904894,0.9050328,0.98623445,1,1,1024,4,0.086527174,0.086527174,,,,,,,,,,,,,,,,,,,0.024041224,0.00010682183,0.086527174,0.085142885,,0.023015591,0.14727018,,0.027685768,0.05,0.78510975,0.86842158,0.85011381,0.90560766,0.98392722,1,1,1024,4
630,3.7482845e-06,0.07556623,0.07556623,,,,,,,,,,,,,,,,,,,0.024065145,0.0001367185,0.07556623,0.07401806,,0.018226373,0.12980975,,0.030963382,0.05,0.80271297,0.88750168,0.86680475,0.9110395,0.98460515,1,1,1024,4,,,,,,,,,,,,,,,,,,,,,,,,,,,,,,,,,,,,,,,
631,3.7351397e-06,0.074224358,0.074224358,,,,,,,,,,,,,,,,,,,0.024107869,0.00012976602,0.074224358,0.072827761,,0.015907699,0.12974782,,0.027931958,0.05,0.82463357,0.90147679,0.88658997,0.9180873,0.98643677,1,1,1024,4,,,,,,,,,,,,,,,,,,,,,,,,,,,,,,,,,,,,,,,
632,3.7220127e-06,0.075937184,0.075937184,,,,,,,,,,,,,,,,,,,0.024139404,0.00012784705,0.075937184,0.074411308,,0.019260775,0.12956184,,0.030517519,0.05,0.80151208,0.88663379,0.86366648,0.91193708,0.98469021,1,1,1024,4,,,,,,,,,,,,,,,,,,,,,,,,,,,,,,,,,,,,,,,
633,3.7089037e-06,0.079130765,0.079130765,,,,,,,,,,,,,,,,,,,0.024185181,0.00014061581,0.079130765,0.077772392,,0.016852993,0.13869179,,0.027167449,0.05,0.79499127,0.88241753,0.86390736,0.90312995,0.98662291,1,1,1024,4,,,,,,,,,,,,,,,,,,,,,,,,,,,,,,,,,,,,,,,
634,3.6958126e-06,0.086166454,0.086166454,,,,,,,,,,,,,,,,,,,0.024153646,0.00012919084,0.086166454,0.084561168,,0.020754196,0.14836814,,0.032105713,0.05,0.79590377,0.88210726,0.86267155,0.90544035,0.98387731,1,1,1024,4,,,,,,,,,,,,,,,,,,,,,,,,,,,,,,,,,,,,,,,
635,3.6827397e-06,0.068305121,0.068305121,,,,,,,,,,,,,,,,,,,0.024139404,0.00012904589,0.068305121,0.066996456,,0.015565743,0.11842717,,0.026173286,0.05,0.81986469,0.89695353,0.87721611,0.91891576,0.98692134,1,1,1024,4,,,,,,,,,,,,,,,,,,,,,,,,,,,,,,,,,,,,,,,
636,3.6696851e-06,0.070114067,0.070114067,,,,,,,,,,,,,,,,,,,0.024129232,0.00013109852,0.070114067,0.06853502,,0.017713232,0.11935681,,0.031580935,0.05,0.81694089,0.89717593,0.87911744,0.91741805,0.98417602,1,1,1024,4,,,,,,,,,,,,,,,,,,,,,,,,,,,,,,,,,,,,,,,
637,3.6566489e-06,0.080114764,0.080114764,,,,,,,,,,,,,,,,,,,0.024149577,0.00012843654,0.080114764,0.078522323,,0.01894933,0.13809532,,0.031848827,0.05,0.80314934,0.88638113,0.86707461,0.90904524,0.98426931,1,1,1024,4,,,,,,,,,,,,,,,,,,,,,,,,,,,,,,,,,,,,,,,
638,3.6436313e-06,0.082586526,0.082586526,,,,,,,,,,,,,,,,,,,0.024199422,0.00013149926,0.082586526,0.081183944,,0.019200338,0.14316755,,0.028051619,0.05,0.78596966,0.87690289,0.85754346,0.89830309,0.98587251,1,1,1024,4,,,,,,,,,,,,,,,,,,,,,,,,,,,,,,,,,,,,,,,
639,3.6306324e-06,0.087559865,0.087559865,,,,,,,,,,,,,,,,,,,0.024254354,0.00013540555,0.087559865,0.086060866,,0.018239253,0.15388248,,0.029979976,0.05,0.78269658,0.87391308,0.84851559,0.90373668,0.98444312,1,1,1024,4,0.08676678,0.08676678,,,,,,,,,,,,,,,,,,,0.024296531,0.00011175785,0.08676678,0.08539638,,0.023191809,0.14760095,,0.027408006,0.05,0.78409009,0.86738458,0.84836693,0.90455173,0.98398755,1,1,1024,4
640,3.6176524e-06,0.089738073,0.089738073,,,,,,,,,,,,,,,,,,,0.024283854,0.0001386163,0.089738073,0.088270656,,0.019467806,0.15707351,,0.029348356,0.05,0.7820874,0.87397625,0.8485318,0.90218118,0.98518339,1,1,1024,4,,,,,,,,,,,,,,,,,,,,,,,,,,,,,,,,,,,,,,,
641,3.6046912e-06,0.066805148,0.066805148,,,,,,,,,,,,,,,,,,,0.024327596,0.00014671312,0.066805148,0.06507708,,0.019632971,0.11052119,,0.034561365,0.05,0.82899974,0.90372102,0.88483073,0.92429976,0.98208961,1,1,1024,4,,,,,,,,,,,,,,,,,,,,,,,,,,,,,,,,,,,,,,,
642,3.5917492e-06,0.070362076,0.070362076,,,,,,,,,,,,,,,,,,,0.024371338,0.00014385588,0.070362076,0.068964176,,0.017848172,0.12008018,,0.027958014,0.05,0.80945226,0.89300795,0.87438197,0.91324154,0.98553567,1,1,1024,4,,,,,,,,,,,,,,,,,,,,,,,,,,,,,,,,,,,,,,,
643,3.5788264e-06,0.072225094,0.072225094,,,,,,,,,,,,,,,,,,,0.024414062,0.0001384868,0.072225094,0.07082337,,0.015620731,0.12602601,,0.028034498,0.05,0.82189778,0.89957731,0.88313035,0.91808775,0.98641709,1,1,1024,4,,,,,,,,,,,,,,,,,,,,,,,,,,,,,,,,,,,,,,,
644,3.5659229e-06,0.080029073,0.080029073,,,,,,,,,,,,,,,,,,,0.024461873,0.00014286523,0.080029073,0.078675637,,0.017843947,0.13950733,,0.027068718,0.05,0.78640234,0.87699387,0.8549067,0.90198341,0.98644029,1,1,1024,4,,,,,,,,,,,,,,,,,,,,,,,,,,,,,,,,,,,,,,,
645,3.5530389e-06,0.084122955,0.084122955,,,,,,,,,,,,,,,,,,,0.024508667,0.00014682148,0.084122955,0.082775437,,0.017701889,0.14784899,,0.02695036,0.05,0.77764119,0.8708259,0.84557173,0.90002537,0.98619095,1,1,1024,4,,,,,,,,,,,,,,,,,,,,,,,,,,,,,,,,,,,,,,,
646,3.5401745e-06,0.081778327,0.081778327,,,,,,,,,,,,,,,,,,,0.02454834,0.00015133476,0.081778327,0.080398867,,0.017236484,0.14356125,,0.027589207,0.05,0.78564538,0.87463952,0.85477787,0.89670516,0.98680387,1,1,1024,4,,,,,,,,,,,,,,,,,,,,,,,,,,,,,,,,,,,,,,,
647,3.5273298e-06,0.068136073,0.068136073,,,,,,,,,,,,,,,,,,,0.024603271,0.00014906443,0.068136073,0.066763487,,0.017406751,0.11612022,,0.027451699,0.05,0.81824629,0.8981778,0.88280495,0.9148405,0.98646124,1,1,1024,4,,,,,,,,,,,,,,,,,,,,,,,,,,,,,,,,,,,,,,,
648,3.514505e-06,0.071221145,0.071221145,,,,,,,,,,,,,,,,,,,0.024630737,0.00014160381,0.071221145,0.069896443,,0.016289697,0.12350319,,0.026494046,0.05,0.81215344,0.89224629,0.87258789,0.91386149,0.98659031,1,1,1024,4,,,,,,,,,,,,,,,,,,,,,,,,,,,,,,,,,,,,,,,
649,3.5017002e-06,0.072517574,0.072517574,,,,,,,,,,,,,,,,,,,0.024633789,0.00015383546,0.072517574,0.071220059,,0.015342278,0.12709784,,0.025950297,0.05,0.81346811,0.89343763,0.87673969,0.91194557,0.98749553,1,1,1024,4,0.087779984,0.087779984,,,,,,,,,,,,,,,,,,,0.024634838,0.00011615098,0.087779984,0.086399349,,0.024665112,0.14813359,,0.027612686,0.05,0.78281556,0.86732489,0.85341406,0.90004008,0.98389622,1,1,1024,4
650,3.4889156e-06,0.082709285,0.082709285,,,,,,,,,,,,,,,,,,,0.024637858,0.00014499285,0.082709285,0.081076474,,0.019191384,0.14296156,,0.032656228,0.05,0.79461884,0.8806871,0.858335,0.90723991,0.98420332,1,1,1024,4,,,,,,,,,,,,,,,,,,,,,,,,,,,,,,,,,,,,,,,
651,3.4761511e-06,0.066472145,0.066472145,,,,,,,,,,,,,,,,,,,0.024690755,0.00016264751,0.066472145,0.06517566,,0.016361963,0.11398936,,0.025929694,0.05,0.82215449,0.89937171,0.88220905,0.91783716,0.98681621,1,1,1024,4,,,,,,,,,,,,,,,,,,,,,,,,,,,,,,,,,,,,,,,
652,3.4634071e-06,0.073106425,0.073106425,,,,,,,,,,,,,,,,,,,0.024746704,0.00014158253,0.073106425,0.071247505,,0.020213873,0.12228114,,0.037178391,0.05,0.80994464,0.89171278,0.8711184,0.9157152,0.98156316,1,1,1024,4,,,,,,,,,,,,,,,,,,,,,,,,,,,,,,,,,,,,,,,
653,3.4506836e-06,0.083055372,0.083055372,,,,,,,,,,,,,,,,,,,0.02479248,0.00014361266,0.083055372,0.081621789,,0.019071075,0.1441725,,0.028671671,0.05,0.78753089,0.87776223,0.85699366,0.90075394,0.9855161,1,1,1024,4,,,,,,,,,,,,,,,,,,,,,,,,,,,,,,,,,,,,,,,
654,3.4379807e-06,0.066774445,0.066774445,,,,,,,,,,,,,,,,,,,0.024798584,0.00014832452,0.066774445,0.065286431,,0.0164891,0.11408376,,0.029760278,0.05,0.82495099,0.90242526,0.88818207,0.91878736,0.98575085,1,1,1024,4,,,,,,,,,,,,,,,,,,,,,,,,,,,,,,,,,,,,,,,
655,3.4252985e-06,0.062326239,0.062326239,,,,,,,,,,,,,,,,,,,0.02481486,0.00014909695,0.062326239,0.060966193,,0.016309908,0.10562248,,0.027200911,0.05,0.83245347,0.90698316,0.89002492,0.9256516,0.98632671,1,1,1024,4,,,,,,,,,,,,,,,,,,,,,,,,,,,,,,,,,,,,,,,
656,3.4126373e-06,0.080466146,0.080466146,,,,,,,,,,,,,,,,,,,0.024876912,0.00015363035,0.080466146,0.078857781,,0.018510191,0.13920537,,0.0321673,0.05,0.78836769,0.87805131,0.857809,0.90048554,0.98434678,1,1,1024,4,,,,,,,,,,,,,,,,,,,,,,,,,,,,,,,,,,,,,,,
