epoch,lr,train_loss,train_main_loss,train_aux_loss,train_adapter_mask32_loss,train_adapter_boundary32_loss,train_tcu_momentary_loss,train_tcu_gradual_loss,train_tcu_cumulative_loss,train_sumi_sufficiency_loss,train_sumi_ib_kl,train_sumi_source_adv_loss,train_background_suppression_loss,train_sumi_loss,train_adapter_alpha,train_adapter_gate_mean,train_tcu_alpha,train_tcu_gate_momentary_mean,train_tcu_gate_gradual_mean,train_tcu_gate_cumulative_mean,train_tcu_quality_mean,train_ttf_alpha,train_ttf_residual_energy,train_loss_total,train_loss_seg,train_loss_bce,train_loss_focal_bce,train_loss_dice,train_loss_edge,train_loss_query_bce,train_loss_query_dice,train_loss_query_no_object,train_loss_query_weight_scale,train_loss_tda,train_tda_weight,train_iou,train_f1,train_precision,train_recall,train_accuracy,val_loss,val_main_loss,val_aux_loss,val_adapter_mask32_loss,val_adapter_boundary32_loss,val_tcu_momentary_loss,val_tcu_gradual_loss,val_tcu_cumulative_loss,val_sumi_sufficiency_loss,val_sumi_ib_kl,val_sumi_source_adv_loss,val_background_suppression_loss,val_sumi_loss,val_adapter_alpha,val_adapter_gate_mean,val_tcu_alpha,val_tcu_gate_momentary_mean,val_tcu_gate_gradual_mean,val_tcu_gate_cumulative_mean,val_tcu_quality_mean,val_ttf_alpha,val_ttf_residual_energy,val_loss_total,val_loss_seg,val_loss_bce,val_loss_focal_bce,val_loss_dice,val_loss_edge,val_loss_query_bce,val_loss_query_dice,val_loss_query_no_object,val_loss_query_weight_scale,val_loss_tda,val_tda_weight,val_iou,val_f1,val_precision,val_recall,val_accuracy
0,8.4e-05,10.937322,10.937322,,,,,,,,,,,,,,,,,,,,,,,,,,1.3073971,,,,,,,0.077073378,0.13871933,0.077073378,1,0.077073378,,,,,,,,,,,,,,,,,,,,,,,,,,,,,,,,,,,,,,,
1,0.000138,7.3375181,7.3375181,,,,,,,,,,,,,,,,,,,,,,,,,,0.88418138,,,,,,,0.066923051,0.11881232,0.068544551,0.65660212,0.36436701,,,,,,,,,,,,,,,,,,,,,,,,,,,,,,,,,,,,,,,
2,0.000192,6.1247073,6.1247073,,,,,,,,,,,,,,,,,,,,,,,,,,0.84020306,,,,,,,0,0,0,0,0.91786066,,,,,,,,,,,,,,,,,,,,,,,,,,,,,,,,,,,,,,,
3,0.000246,5.7378673,5.7378673,,,,,,,,,,,,,,,,,,,,,,,,,,0.73174081,,,,,,,0.051032353,0.089478614,0.051088885,0.46359918,0.63482203,,,,,,,,,,,,,,,,,,,,,,,,,,,,,,,,,,,,,,,
4,0.0003,5.5408052,5.5408052,,,,,,,,,,,,,,,,,,,,,,,,,,0.70043337,,,,,,,0.13396697,0.22236998,0.27029724,0.74343893,0.55898616,,,,,,,,,,,,,,,,,,,,,,,,,,,,,,,,,,,,,,,
5,0.00029999699,5.1092438,5.1092438,,,,,,,,,,,,,,,,,,,,,,,,,,0.70835173,,,,,,,0.29223465,0.38710685,0.67876523,0.37705127,0.94475106,,,,,,,,,,,,,,,,,,,,,,,,,,,,,,,,,,,,,,,
6,0.00029998796,4.8869,4.8869,,,,,,,,,,,,,,,,,,,,,,,,,,0.72067647,,,,,,,0.47353558,0.61176085,0.6951904,0.6134714,0.95697869,,,,,,,,,,,,,,,,,,,,,,,,,,,,,,,,,,,,,,,
7,0.0002999729,4.6583124,4.6583124,,,,,,,,,,,,,,,,,,,,,,,,,,0.69946208,,,,,,,0.55422585,0.70253942,0.7715904,0.67424226,0.95963496,,,,,,,,,,,,,,,,,,,,,,,,,,,,,,,,,,,,,,,
8,0.00029995183,4.5802868,4.5802868,,,,,,,,,,,,,,,,,,,,,,,,,,0.69565334,,,,,,,0.51338712,0.66291151,0.69426613,0.69322924,0.9507146,,,,,,,,,,,,,,,,,,,,,,,,,,,,,,,,,,,,,,,
0,8.4e-05,10.972189,10.972189,,,,,,,,,,,,,,,,,,,,,,,,,,1.3128703,,,,,,,0.077021922,0.13862952,0.077021922,1,0.077021922,,,,,,,,,,,,,,,,,,,,,,,,,,,,,,,,,,,,,,,
1,0.000138,7.3353913,7.3353913,,,,,,,,,,,,,,,,,,,,,,,,,,0.88314976,,,,,,,0.066946249,0.11909113,0.068568996,0.66385718,0.36252571,,,,,,,,,,,,,,,,,,,,,,,,,,,,,,,,,,,,,,,
2,0.000192,6.1205236,6.1205236,,,,,,,,,,,,,,,,,,,,,,,,,,0.83907387,,,,,,,0,0,0,0,0.91786897,,,,,,,,,,,,,,,,,,,,,,,,,,,,,,,,,,,,,,,
3,0.000246,5.740281,5.740281,,,,,,,,,,,,,,,,,,,,,,,,,,0.73133226,,,,,,,0.049525305,0.08723748,0.049651337,0.46264127,0.62308345,,,,,,,,,,,,,,,,,,,,,,,,,,,,,,,,,,,,,,,
4,0.0003,5.5562697,5.5562697,,,,,,,,,,,,,,,,,,,,,,,,,,0.70280089,,,,,,,0.14363451,0.23547128,0.26602831,0.74525864,0.56061201,,,,,,,,,,,,,,,,,,,,,,,,,,,,,,,,,,,,,,,
5,0.00029999699,5.1117001,5.1117001,,,,,,,,,,,,,,,,,,,,,,,,,,0.70873173,,,,,,,0.30374801,0.40617693,0.69715048,0.38960795,0.9459969,,,,,,,,,,,,,,,,,,,,,,,,,,,,,,,,,,,,,,,
6,0.00029998796,4.8413675,4.8413675,,,,,,,,,,,,,,,,,,,,,,,,,,0.71223688,,,,,,,0.47468194,0.61748045,0.68966641,0.61521243,0.95808507,,,,,,,,,,,,,,,,,,,,,,,,,,,,,,,,,,,,,,,
7,0.0002999729,4.6418119,4.6418119,,,,,,,,,,,,,,,,,,,,,,,,,,0.7009246,,,,,,,0.55594924,0.70302968,0.71975065,0.71589584,0.95722518,,,,,,,,,,,,,,,,,,,,,,,,,,,,,,,,,,,,,,,
8,0.00029995183,4.5903275,4.5903275,,,,,,,,,,,,,,,,,,,,,,,,,,0.71170793,,,,,,,0.52691817,0.66796612,0.65454097,0.73809428,0.950131,,,,,,,,,,,,,,,,,,,,,,,,,,,,,,,,,,,,,,,
0,8.4e-05,10.980462,10.980462,,,,,,,,,,,,,,,,,,,,,,,,,,1.3126187,,,,,,,0.077040519,0.13866117,0.077040519,1,0.077040519,,,,,,,,,,,,,,,,,,,,,,,,,,,,,,,,,,,,,,,
1,0.000138,7.3538519,7.3538519,,,,,,,,,,,,,,,,,,,,,,,,,,0.88540347,,,,,,,0.066843498,0.11867849,0.068430748,0.65606634,0.36487395,,,,,,,,,,,,,,,,,,,,,,,,,,,,,,,,,,,,,,,
2,0.000192,6.1118992,6.1118992,,,,,,,,,,,,,,,,,,,,,,,,,,0.83686138,,,,,,,0,0,0,0,0.91785033,,,,,,,,,,,,,,,,,,,,,,,,,,,,,,,,,,,,,,,
3,0.000246,5.7236572,5.7236572,,,,,,,,,,,,,,,,,,,,,,,,,,0.72969985,,,,,,,0.053058913,0.09277098,0.053126612,0.46136959,0.65267813,,,,,,,,,,,,,,,,,,,,,,,,,,,,,,,,,,,,,,,
4,0.0003,5.505758,5.505758,,,,,,,,,,,,,,,,,,,,,,,,,,0.69879073,,,,,,,0.16234912,0.25150467,0.31902186,0.72485272,0.60023754,,,,,,,,,,,,,,,,,,,,,,,,,,,,,,,,,,,,,,,
5,0.00029999699,5.1411058,5.1411058,,,,,,,,,,,,,,,,,,,,,,,,,,0.71625176,,,,,,,0.27093831,0.35916505,0.68740673,0.37798291,0.94113299,,,,,,,,,,,,,,,,,,,,,,,,,,,,,,,,,,,,,,,
6,0.00029998796,4.9386415,4.9386415,,,,,,,,,,,,,,,,,,,,,,,,,,0.7247478,,,,,,,0.46847706,0.61767929,0.65920971,0.65752361,0.94945728,,,,,,,,,,,,,,,,,,,,,,,,,,,,,,,,,,,,,,,
7,0.0002999729,4.8142097,4.8142097,,,,,,,,,,,,,,,,,,,,,,,,,,0.73427785,,,,,,,0.47012569,0.60830725,0.83427975,0.52532865,0.9576095,,,,,,,,,,,,,,,,,,,,,,,,,,,,,,,,,,,,,,,
8,0.00029995183,4.6032288,4.6032288,,,,,,,,,,,,,,,,,,,,,,,,,,0.69899408,,,,,,,0.544888,0.68284905,0.69550936,0.73088554,0.95512106,,,,,,,,,,,,,,,,,,,,,,,,,,,,,,,,,,,,,,,
9,0.00029992473,4.6975435,4.6975435,,,,,,,,,,,,,,,,,,,,,,,,,,0.74350836,,,,,,,0.51285327,0.66140661,0.77669754,0.60978915,0.95201448,4.2007661,4.2007661,,,,,,,,,,,,,,,,,,,,,,,,,,0.67661541,,,,,,,0.6371099,0.75764661,0.74017807,0.83271701,0.96563242
10,0.00029989162,4.483919,4.483919,,,,,,,,,,,,,,,,,,,,,,,,,,0.71252678,,,,,,,0.55843632,0.70051671,0.62693577,0.85675035,0.95690275,,,,,,,,,,,,,,,,,,,,,,,,,,,,,,,,,,,,,,,
11,0.00029985249,4.4193857,4.4193857,,,,,,,,,,,,,,,,,,,,,,,,,,0.71212405,,,,,,,0.58831493,0.72859726,0.78816968,0.718384,0.96139988,,,,,,,,,,,,,,,,,,,,,,,,,,,,,,,,,,,,,,,
12,0.00029980734,4.2744199,4.2744199,,,,,,,,,,,,,,,,,,,,,,,,,,0.68772114,,,,,,,0.6349045,0.76792009,0.76877381,0.78078587,0.97073849,,,,,,,,,,,,,,,,,,,,,,,,,,,,,,,,,,,,,,,
13,0.00029975618,4.2774682,4.2774682,,,,,,,,,,,,,,,,,,,,,,,,,,0.68680842,,,,,,,0.61859495,0.75696143,0.72783416,0.80714532,0.97381189,,,,,,,,,,,,,,,,,,,,,,,,,,,,,,,,,,,,,,,
14,0.00029969901,4.1480195,4.1480195,,,,,,,,,,,,,,,,,,,,,,,,,,0.70081942,,,,,,,0.67703692,0.80031706,0.79558204,0.82438039,0.96982456,,,,,,,,,,,,,,,,,,,,,,,,,,,,,,,,,,,,,,,
15,0.00029963583,4.2110647,4.2110647,,,,,,,,,,,,,,,,,,,,,,,,,,0.678896,,,,,,,0.65757515,0.78514594,0.764101,0.82510278,0.97006015,,,,,,,,,,,,,,,,,,,,,,,,,,,,,,,,,,,,,,,
16,0.00029956664,4.0048752,4.0048752,,,,,,,,,,,,,,,,,,,,,,,,,,0.67453694,,,,,,,0.69870044,0.81330389,0.82188778,0.81752413,0.97437282,,,,,,,,,,,,,,,,,,,,,,,,,,,,,,,,,,,,,,,
17,0.00029949144,3.9621897,3.9621897,,,,,,,,,,,,,,,,,,,,,,,,,,0.67779224,,,,,,,0.71196727,0.82572782,0.82083331,0.84227479,0.97462462,,,,,,,,,,,,,,,,,,,,,,,,,,,,,,,,,,,,,,,
18,0.00029941025,4.0986848,4.0986848,,,,,,,,,,,,,,,,,,,,,,,,,,0.67406946,,,,,,,0.62582019,0.75272616,0.82232508,0.72769003,0.97131116,,,,,,,,,,,,,,,,,,,,,,,,,,,,,,,,,,,,,,,
19,0.00029932305,3.9786454,3.9786454,,,,,,,,,,,,,,,,,,,,,,,,,,0.66959821,,,,,,,0.68921441,0.81022111,0.73395801,0.9163216,0.96761599,3.6303121,3.6303121,,,,,,,,,,,,,,,,,,,,,,,,,,0.62041604,,,,,,,0.73234284,0.83236461,0.81448116,0.87269493,0.97767086
20,0.00029922986,3.9543486,3.9543486,,,,,,,,,,,,,,,,,,,,,,,,,,0.65951796,,,,,,,0.67888878,0.80130659,0.7942674,0.82174311,0.97382296,,,,,,,,,,,,,,,,,,,,,,,,,,,,,,,,,,,,,,,
21,0.00029913069,3.956768,3.956768,,,,,,,,,,,,,,,,,,,,,,,,,,0.65120158,,,,,,,0.66781614,0.78863361,0.75305908,0.84335678,0.97382357,,,,,,,,,,,,,,,,,,,,,,,,,,,,,,,,,,,,,,,
22,0.00029902552,3.8330596,3.8330596,,,,,,,,,,,,,,,,,,,,,,,,,,0.65901887,,,,,,,0.73412112,0.84058217,0.86003504,0.82768902,0.97671036,,,,,,,,,,,,,,,,,,,,,,,,,,,,,,,,,,,,,,,
23,0.00029891437,3.8772119,3.8772119,,,,,,,,,,,,,,,,,,,,,,,,,,0.64364334,,,,,,,0.69265218,0.81085347,0.83469207,0.79856439,0.97755064,,,,,,,,,,,,,,,,,,,,,,,,,,,,,,,,,,,,,,,
24,0.00029879724,3.7863932,3.7863932,,,,,,,,,,,,,,,,,,,,,,,,,,0.65858718,,,,,,,0.75601859,0.85600821,0.83839401,0.8793295,0.97900703,,,,,,,,,,,,,,,,,,,,,,,,,,,,,,,,,,,,,,,
25,0.00029867414,3.7690849,3.7690849,,,,,,,,,,,,,,,,,,,,,,,,,,0.65373125,,,,,,,0.7496643,0.85398722,0.87412496,0.83993632,0.97949479,,,,,,,,,,,,,,,,,,,,,,,,,,,,,,,,,,,,,,,
26,0.00029854508,3.8201038,3.8201038,,,,,,,,,,,,,,,,,,,,,,,,,,0.6415228,,,,,,,0.70774711,0.82129433,0.82662778,0.82133827,0.97866754,,,,,,,,,,,,,,,,,,,,,,,,,,,,,,,,,,,,,,,
27,0.00029841004,3.7584839,3.7584839,,,,,,,,,,,,,,,,,,,,,,,,,,0.64762147,,,,,,,0.74392881,0.85043756,0.86264173,0.84223084,0.97903175,,,,,,,,,,,,,,,,,,,,,,,,,,,,,,,,,,,,,,,
28,0.00029826906,3.6614952,3.6614952,,,,,,,,,,,,,,,,,,,,,,,,,,0.6283569,,,,,,,0.7357124,0.8433115,0.90398409,0.79859335,0.97959414,,,,,,,,,,,,,,,,,,,,,,,,,,,,,,,,,,,,,,,
29,0.00029812211,3.6855859,3.6855859,,,,,,,,,,,,,,,,,,,,,,,,,,0.63280453,,,,,,,0.75320535,0.85563426,0.85253171,0.86530638,0.98015327,3.3940871,3.3940871,,,,,,,,,,,,,,,,,,,,,,,,,,0.59320973,,,,,,,0.75939191,0.85110322,0.83288745,0.88580336,0.9808963
30,0.00029796923,3.6103996,3.6103996,,,,,,,,,,,,,,,,,,,,,,,,,,0.61940224,,,,,,,0.75847539,0.8585562,0.87419017,0.84835003,0.98182344,,,,,,,,,,,,,,,,,,,,,,,,,,,,,,,,,,,,,,,
31,0.0002978104,3.7000783,3.7000783,,,,,,,,,,,,,,,,,,,,,,,,,,0.63724684,,,,,,,0.74755173,0.84794866,0.86109822,0.84386979,0.97970572,,,,,,,,,,,,,,,,,,,,,,,,,,,,,,,,,,,,,,,
32,0.00029764564,3.7480562,3.7480562,,,,,,,,,,,,,,,,,,,,,,,,,,0.64508608,,,,,,,0.73443757,0.84139831,0.87348621,0.82094592,0.97904948,,,,,,,,,,,,,,,,,,,,,,,,,,,,,,,,,,,,,,,
33,0.00029747495,3.7618864,3.7618864,,,,,,,,,,,,,,,,,,,,,,,,,,0.6382407,,,,,,,0.73669007,0.84449499,0.83812717,0.85898659,0.97903538,,,,,,,,,,,,,,,,,,,,,,,,,,,,,,,,,,,,,,,
34,0.00029729834,3.7554027,3.7554027,,,,,,,,,,,,,,,,,,,,,,,,,,0.64196862,,,,,,,0.70365947,0.82175187,0.85541686,0.79713192,0.97913964,,,,,,,,,,,,,,,,,,,,,,,,,,,,,,,,,,,,,,,
35,0.00029711582,3.7755259,3.7755259,,,,,,,,,,,,,,,,,,,,,,,,,,0.64501421,,,,,,,0.70544543,0.82110482,0.86547853,0.79218056,0.97811876,,,,,,,,,,,,,,,,,,,,,,,,,,,,,,,,,,,,,,,
36,0.00029692739,3.6605396,3.6605396,,,,,,,,,,,,,,,,,,,,,,,,,,0.62860555,,,,,,,0.72608971,0.83647735,0.89371248,0.79718492,0.98081841,,,,,,,,,,,,,,,,,,,,,,,,,,,,,,,,,,,,,,,
37,0.00029673307,3.8085543,3.8085543,,,,,,,,,,,,,,,,,,,,,,,,,,0.66267666,,,,,,,0.74036675,0.84537748,0.80330105,0.89875691,0.97958903,,,,,,,,,,,,,,,,,,,,,,,,,,,,,,,,,,,,,,,
38,0.00029653285,3.7019708,3.7019708,,,,,,,,,,,,,,,,,,,,,,,,,,0.63657656,,,,,,,0.72091584,0.83179946,0.91881111,0.77140491,0.98064044,,,,,,,,,,,,,,,,,,,,,,,,,,,,,,,,,,,,,,,
39,0.00029632675,3.7284967,3.7284967,,,,,,,,,,,,,,,,,,,,,,,,,,0.62995987,,,,,,,0.70552984,0.81767742,0.86437438,0.80231436,0.97865667,3.530166,3.530166,,,,,,,,,,,,,,,,,,,,,,,,,,0.6150995,,,,,,,0.74405947,0.83902183,0.76678107,0.95294395,0.9789092
40,0.00029611478,3.681807,3.681807,,,,,,,,,,,,,,,,,,,,,,,,,,0.63431306,,,,,,,0.75476095,0.85491163,0.82179759,0.90201553,0.97737554,,,,,,,,,,,,,,,,,,,,,,,,,,,,,,,,,,,,,,,
41,0.00029589694,3.630749,3.630749,,,,,,,,,,,,,,,,,,,,,,,,,,0.63095419,,,,,,,0.74430358,0.84745776,0.92300927,0.79006543,0.98161449,,,,,,,,,,,,,,,,,,,,,,,,,,,,,,,,,,,,,,,
42,0.00029567325,3.7528887,3.7528887,,,,,,,,,,,,,,,,,,,,,,,,,,0.64690723,,,,,,,0.74061916,0.84723376,0.82268562,0.88168566,0.97963797,,,,,,,,,,,,,,,,,,,,,,,,,,,,,,,,,,,,,,,
43,0.00029544371,3.6094482,3.6094482,,,,,,,,,,,,,,,,,,,,,,,,,,0.62598906,,,,,,,0.76739399,0.86479994,0.86585878,0.87382588,0.97925451,,,,,,,,,,,,,,,,,,,,,,,,,,,,,,,,,,,,,,,
44,0.00029520833,3.7337207,3.7337207,,,,,,,,,,,,,,,,,,,,,,,,,,0.6411265,,,,,,,0.71371093,0.81790613,0.86672871,0.79994801,0.97749207,,,,,,,,,,,,,,,,,,,,,,,,,,,,,,,,,,,,,,,
45,0.00029496712,3.6638145,3.6638145,,,,,,,,,,,,,,,,,,,,,,,,,,0.63743992,,,,,,,0.76036095,0.86090159,0.82324166,0.90609427,0.97801347,,,,,,,,,,,,,,,,,,,,,,,,,,,,,,,,,,,,,,,
46,0.0002947201,3.6405373,3.6405373,,,,,,,,,,,,,,,,,,,,,,,,,,0.62688665,,,,,,,0.743606,0.85010865,0.8902202,0.81938233,0.97823017,,,,,,,,,,,,,,,,,,,,,,,,,,,,,,,,,,,,,,,
47,0.00029446726,3.5974154,3.5974154,,,,,,,,,,,,,,,,,,,,,,,,,,0.62673474,,,,,,,0.75517534,0.85608289,0.86907347,0.85219317,0.98172223,,,,,,,,,,,,,,,,,,,,,,,,,,,,,,,,,,,,,,,
48,0.00029420862,3.6837325,3.6837325,,,,,,,,,,,,,,,,,,,,,,,,,,0.63543744,,,,,,,0.74987119,0.85362541,0.82475245,0.89155742,0.98158224,,,,,,,,,,,,,,,,,,,,,,,,,,,,,,,,,,,,,,,
49,0.0002939442,3.684059,3.684059,,,,,,,,,,,,,,,,,,,,,,,,,,0.62903471,,,,,,,0.72263424,0.83304117,0.90127282,0.7792819,0.98045293,3.2476994,3.2476994,,,,,,,,,,,,,,,,,,,,,,,,,,0.56611701,,,,,,,0.77312439,0.86157719,0.86414164,0.86974461,0.98311069
50,0.000293674,3.7281737,3.7281737,,,,,,,,,,,,,,,,,,,,,,,,,,0.64098475,,,,,,,0.73022599,0.83944649,0.8062028,0.88082696,0.9801086,,,,,,,,,,,,,,,,,,,,,,,,,,,,,,,,,,,,,,,
51,0.00029339803,3.5327217,3.5327217,,,,,,,,,,,,,,,,,,,,,,,,,,0.6178635,,,,,,,0.77863052,0.87194627,0.87979266,0.87172021,0.98224129,,,,,,,,,,,,,,,,,,,,,,,,,,,,,,,,,,,,,,,
52,0.0002931163,3.5858583,3.5858583,,,,,,,,,,,,,,,,,,,,,,,,,,0.61789184,,,,,,,0.76247459,0.86027089,0.86326645,0.86173231,0.98275547,,,,,,,,,,,,,,,,,,,,,,,,,,,,,,,,,,,,,,,
53,0.00029282883,3.5787886,3.5787886,,,,,,,,,,,,,,,,,,,,,,,,,,0.62546073,,,,,,,0.76512963,0.86396634,0.86842748,0.86761645,0.97965907,,,,,,,,,,,,,,,,,,,,,,,,,,,,,,,,,,,,,,,
54,0.00029253563,3.6873777,3.6873777,,,,,,,,,,,,,,,,,,,,,,,,,,0.62915737,,,,,,,0.71941446,0.82513663,0.84910629,0.82102065,0.98126721,,,,,,,,,,,,,,,,,,,,,,,,,,,,,,,,,,,,,,,
55,0.00029223671,3.6204454,3.6204454,,,,,,,,,,,,,,,,,,,,,,,,,,0.62792899,,,,,,,0.75785399,0.85724079,0.87265122,0.84657141,0.97920477,,,,,,,,,,,,,,,,,,,,,,,,,,,,,,,,,,,,,,,
56,0.00029193208,3.7092052,3.7092052,,,,,,,,,,,,,,,,,,,,,,,,,,0.63258326,,,,,,,0.71433345,0.82204936,0.828586,0.82663473,0.98042587,,,,,,,,,,,,,,,,,,,,,,,,,,,,,,,,,,,,,,,
57,0.00029162175,3.5576033,3.5576033,,,,,,,,,,,,,,,,,,,,,,,,,,0.61726288,,,,,,,0.76655535,0.86182784,0.86612303,0.86188634,0.98272805,,,,,,,,,,,,,,,,,,,,,,,,,,,,,,,,,,,,,,,
58,0.00029130573,3.4555731,3.4555731,,,,,,,,,,,,,,,,,,,,,,,,,,0.60492257,,,,,,,0.77788362,0.87149254,0.8855599,0.86081434,0.98608609,,,,,,,,,,,,,,,,,,,,,,,,,,,,,,,,,,,,,,,
59,0.00029098405,3.6280391,3.6280391,,,,,,,,,,,,,,,,,,,,,,,,,,0.63017567,,,,,,,0.74164778,0.84043181,0.84487547,0.84690901,0.98155723,3.1795082,3.1795082,,,,,,,,,,,,,,,,,,,,,,,,,,0.56019663,,,,,,,0.77771545,0.86499293,0.88126846,0.85740974,0.98326935
60,0.0002906567,3.5757443,3.5757443,,,,,,,,,,,,,,,,,,,,,,,,,,0.61820026,,,,,,,0.75193896,0.84964137,0.86777119,0.84516783,0.98180637,,,,,,,,,,,,,,,,,,,,,,,,,,,,,,,,,,,,,,,
61,0.00029032371,3.5125181,3.5125181,,,,,,,,,,,,,,,,,,,,,,,,,,0.60763076,,,,,,,0.75382634,0.8543008,0.85583623,0.85540365,0.9858609,,,,,,,,,,,,,,,,,,,,,,,,,,,,,,,,,,,,,,,
62,0.00028998509,3.5643039,3.5643039,,,,,,,,,,,,,,,,,,,,,,,,,,0.61114903,,,,,,,0.73645749,0.83852832,0.84081738,0.84304021,0.98149923,,,,,,,,,,,,,,,,,,,,,,,,,,,,,,,,,,,,,,,
63,0.00028964085,3.4996108,3.4996108,,,,,,,,,,,,,,,,,,,,,,,,,,0.60968731,,,,,,,0.75908145,0.85712251,0.86460155,0.8527881,0.98505721,,,,,,,,,,,,,,,,,,,,,,,,,,,,,,,,,,,,,,,
64,0.00028929101,3.4218341,3.4218341,,,,,,,,,,,,,,,,,,,,,,,,,,0.5998532,,,,,,,0.79317323,0.88138188,0.88787534,0.87705469,0.98390752,,,,,,,,,,,,,,,,,,,,,,,,,,,,,,,,,,,,,,,
65,0.00028893557,3.4597699,3.4597699,,,,,,,,,,,,,,,,,,,,,,,,,,0.60115464,,,,,,,0.76380877,0.86141282,0.87067249,0.85780483,0.98499665,,,,,,,,,,,,,,,,,,,,,,,,,,,,,,,,,,,,,,,
66,0.00028857456,3.5437689,3.5437689,,,,,,,,,,,,,,,,,,,,,,,,,,0.61533827,,,,,,,0.76925529,0.86553829,0.8760851,0.8588505,0.98408697,,,,,,,,,,,,,,,,,,,,,,,,,,,,,,,,,,,,,,,
67,0.00028820799,3.4313734,3.4313734,,,,,,,,,,,,,,,,,,,,,,,,,,0.59744441,,,,,,,0.77316457,0.86770155,0.88845797,0.85144415,0.98400942,,,,,,,,,,,,,,,,,,,,,,,,,,,,,,,,,,,,,,,
68,0.00028783587,3.5050077,3.5050077,,,,,,,,,,,,,,,,,,,,,,,,,,0.61340337,,,,,,,0.77919778,0.87304798,0.88075997,0.86865414,0.98452704,,,,,,,,,,,,,,,,,,,,,,,,,,,,,,,,,,,,,,,
69,0.00028745821,3.4749226,3.4749226,,,,,,,,,,,,,,,,,,,,,,,,,,0.60672253,,,,,,,0.77893921,0.87253526,0.88078275,0.86801699,0.98152945,3.2133884,3.2133884,,,,,,,,,,,,,,,,,,,,,,,,,,0.57305373,,,,,,,0.77870838,0.86608441,0.88635261,0.85419491,0.98330639
70,0.00028707505,3.3765645,3.3765645,,,,,,,,,,,,,,,,,,,,,,,,,,0.59823803,,,,,,,0.80040609,0.88603893,0.91394063,0.86257674,0.98373918,,,,,,,,,,,,,,,,,,,,,,,,,,,,,,,,,,,,,,,
71,0.00028668638,3.4604131,3.4604131,,,,,,,,,,,,,,,,,,,,,,,,,,0.60546147,,,,,,,0.76321794,0.86172463,0.87470362,0.85178299,0.98121808,,,,,,,,,,,,,,,,,,,,,,,,,,,,,,,,,,,,,,,
72,0.00028629222,3.5001772,3.5001772,,,,,,,,,,,,,,,,,,,,,,,,,,0.6084667,,,,,,,0.75067837,0.85135547,0.87566061,0.83327444,0.98319445,,,,,,,,,,,,,,,,,,,,,,,,,,,,,,,,,,,,,,,
73,0.0002858926,3.5097917,3.5097917,,,,,,,,,,,,,,,,,,,,,,,,,,0.60463169,,,,,,,0.75362525,0.85240929,0.87713009,0.83525475,0.98271557,,,,,,,,,,,,,,,,,,,,,,,,,,,,,,,,,,,,,,,
74,0.00028548752,3.37288,3.37288,,,,,,,,,,,,,,,,,,,,,,,,,,0.5931184,,,,,,,0.78795405,0.87685025,0.88773934,0.86907121,0.98586553,,,,,,,,,,,,,,,,,,,,,,,,,,,,,,,,,,,,,,,
75,0.000285077,3.5270965,3.5270965,,,,,,,,,,,,,,,,,,,,,,,,,,0.60991373,,,,,,,0.75055766,0.85016451,0.86812574,0.8395987,0.98390768,,,,,,,,,,,,,,,,,,,,,,,,,,,,,,,,,,,,,,,
76,0.00028466107,3.4301853,3.4301853,,,,,,,,,,,,,,,,,,,,,,,,,,0.59657382,,,,,,,0.76925474,0.86615567,0.88610919,0.84916327,0.98348296,,,,,,,,,,,,,,,,,,,,,,,,,,,,,,,,,,,,,,,
77,0.00028423972,3.3852758,3.3852758,,,,,,,,,,,,,,,,,,,,,,,,,,0.59119493,,,,,,,0.77127631,0.86548274,0.86615325,0.86785797,0.98476336,,,,,,,,,,,,,,,,,,,,,,,,,,,,,,,,,,,,,,,
78,0.000283813,3.4542925,3.4542925,,,,,,,,,,,,,,,,,,,,,,,,,,0.60010375,,,,,,,0.76980336,0.86725063,0.87188391,0.86789042,0.98318714,,,,,,,,,,,,,,,,,,,,,,,,,,,,,,,,,,,,,,,
79,0.0002833809,3.4652363,3.4652363,,,,,,,,,,,,,,,,,,,,,,,,,,0.60289651,,,,,,,0.76403771,0.86343483,0.88123147,0.84940007,0.98271604,3.0871506,3.0871506,,,,,,,,,,,,,,,,,,,,,,,,,,0.55107422,,,,,,,0.79840004,0.87851492,0.86897961,0.89536981,0.98524984
80,0.00028294345,3.427371,3.427371,,,,,,,,,,,,,,,,,,,,,,,,,,0.60178962,,,,,,,0.79269926,0.88113476,0.88025641,0.88347804,0.98234297,,,,,,,,,,,,,,,,,,,,,,,,,,,,,,,,,,,,,,,
81,0.00028250067,3.4260371,3.4260371,,,,,,,,,,,,,,,,,,,,,,,,,,0.59923598,,,,,,,0.7668365,0.86477256,0.87127705,0.86000014,0.98443519,,,,,,,,,,,,,,,,,,,,,,,,,,,,,,,,,,,,,,,
82,0.00028205256,3.3515447,3.3515447,,,,,,,,,,,,,,,,,,,,,,,,,,0.58911173,,,,,,,0.80184532,0.8870351,0.8873021,0.88745525,0.98554509,,,,,,,,,,,,,,,,,,,,,,,,,,,,,,,,,,,,,,,
83,0.00028159916,3.4264771,3.4264771,,,,,,,,,,,,,,,,,,,,,,,,,,0.59801798,,,,,,,0.78027429,0.87266604,0.88196049,0.86566148,0.98556708,,,,,,,,,,,,,,,,,,,,,,,,,,,,,,,,,,,,,,,
84,0.00028114048,3.3834233,3.3834233,,,,,,,,,,,,,,,,,,,,,,,,,,0.59333623,,,,,,,0.78031582,0.87281681,0.88849764,0.85951099,0.98569628,,,,,,,,,,,,,,,,,,,,,,,,,,,,,,,,,,,,,,,
85,0.00028067654,3.4273619,3.4273619,,,,,,,,,,,,,,,,,,,,,,,,,,0.60190574,,,,,,,0.78508513,0.87683745,0.87769444,0.87803167,0.98391283,,,,,,,,,,,,,,,,,,,,,,,,,,,,,,,,,,,,,,,
86,0.00028020735,3.450772,3.450772,,,,,,,,,,,,,,,,,,,,,,,,,,0.60187534,,,,,,,0.76759129,0.86486094,0.87682246,0.85541413,0.98379613,,,,,,,,,,,,,,,,,,,,,,,,,,,,,,,,,,,,,,,
87,0.00027973294,3.4166913,3.4166913,,,,,,,,,,,,,,,,,,,,,,,,,,0.59727976,,,,,,,0.7829785,0.87363472,0.87692687,0.8727495,0.98161375,,,,,,,,,,,,,,,,,,,,,,,,,,,,,,,,,,,,,,,
88,0.00027925332,3.4103311,3.4103311,,,,,,,,,,,,,,,,,,,,,,,,,,0.59662234,,,,,,,0.7817344,0.8720237,0.88715134,0.86262458,0.98363523,,,,,,,,,,,,,,,,,,,,,,,,,,,,,,,,,,,,,,,
89,0.00027876852,3.4717682,3.4717682,,,,,,,,,,,,,,,,,,,,,,,,,,0.60559468,,,,,,,0.75644393,0.85587188,0.8479181,0.87534005,0.98234329,3.0924608,3.0924608,,,,,,,,,,,,,,,,,,,,,,,,,,0.55029168,,,,,,,0.78775132,0.87206158,0.89531511,0.85570177,0.98446333
90,0.00027827855,3.491438,3.491438,,,,,,,,,,,,,,,,,,,,,,,,,,0.60421678,,,,,,,0.73034416,0.83723316,0.89171942,0.79741562,0.98309801,,,,,,,,,,,,,,,,,,,,,,,,,,,,,,,,,,,,,,,
91,0.00027778343,3.3787743,3.3787743,,,,,,,,,,,,,,,,,,,,,,,,,,0.59294774,,,,,,,0.79228737,0.88053489,0.87502208,0.88893999,0.98431695,,,,,,,,,,,,,,,,,,,,,,,,,,,,,,,,,,,,,,,
92,0.00027728319,3.3917273,3.3917273,,,,,,,,,,,,,,,,,,,,,,,,,,0.5935747,,,,,,,0.77792899,0.86931571,0.88623,0.85628122,0.98224412,,,,,,,,,,,,,,,,,,,,,,,,,,,,,,,,,,,,,,,
93,0.00027677784,3.3563987,3.3563987,,,,,,,,,,,,,,,,,,,,,,,,,,0.59034717,,,,,,,0.80012294,0.88633156,0.89367551,0.88109383,0.9838969,,,,,,,,,,,,,,,,,,,,,,,,,,,,,,,,,,,,,,,
94,0.0002762674,3.4647678,3.4647678,,,,,,,,,,,,,,,,,,,,,,,,,,0.60050417,,,,,,,0.76478304,0.8583248,0.86946891,0.84933808,0.98173465,,,,,,,,,,,,,,,,,,,,,,,,,,,,,,,,,,,,,,,
95,0.0002757519,3.3949431,3.3949431,,,,,,,,,,,,,,,,,,,,,,,,,,0.59518418,,,,,,,0.78347856,0.87445053,0.87998483,0.87314495,0.98219087,,,,,,,,,,,,,,,,,,,,,,,,,,,,,,,,,,,,,,,
96,0.00027523135,3.3858364,3.3858364,,,,,,,,,,,,,,,,,,,,,,,,,,0.59402215,,,,,,,0.77975311,0.87270701,0.87615609,0.87090177,0.98268713,,,,,,,,,,,,,,,,,,,,,,,,,,,,,,,,,,,,,,,
97,0.00027470578,3.3893329,3.3893329,,,,,,,,,,,,,,,,,,,,,,,,,,0.5952224,,,,,,,0.78324099,0.87664742,0.90106501,0.85506405,0.9847111,,,,,,,,,,,,,,,,,,,,,,,,,,,,,,,,,,,,,,,
98,0.00027417521,3.3809803,3.3809803,,,,,,,,,,,,,,,,,,,,,,,,,,0.59494764,,,,,,,0.79407898,0.88123777,0.85813666,0.90771507,0.98401779,,,,,,,,,,,,,,,,,,,,,,,,,,,,,,,,,,,,,,,
99,0.00027363965,3.3614801,3.3614801,,,,,,,,,,,,,,,,,,,,,,,,,,0.59020365,,,,,,,0.78793082,0.87850215,0.88684454,0.87391244,0.98499596,3.0780589,3.0780589,,,,,,,,,,,,,,,,,,,,,,,,,,0.5523818,,,,,,,0.79953663,0.87923461,0.88221475,0.88342477,0.98498338
100,0.00027309913,3.3612358,3.3612358,,,,,,,,,,,,,,,,,,,,,,,,,,0.59650435,,,,,,,0.80088147,0.88546807,0.8897457,0.8832207,0.98398949,,,,,,,,,,,,,,,,,,,,,,,,,,,,,,,,,,,,,,,
101,0.00027255368,3.364523,3.364523,,,,,,,,,,,,,,,,,,,,,,,,,,0.58889359,,,,,,,0.7800363,0.87220508,0.91031045,0.84036073,0.98496648,,,,,,,,,,,,,,,,,,,,,,,,,,,,,,,,,,,,,,,
102,0.00027200331,3.4427286,3.4427286,,,,,,,,,,,,,,,,,,,,,,,,,,0.59778128,,,,,,,0.76930711,0.86349136,0.84537191,0.88566151,0.98201319,,,,,,,,,,,,,,,,,,,,,,,,,,,,,,,,,,,,,,,
103,0.00027144804,3.3509894,3.3509894,,,,,,,,,,,,,,,,,,,,,,,,,,0.59248288,,,,,,,0.7895949,0.87958267,0.88559783,0.87600954,0.98526549,,,,,,,,,,,,,,,,,,,,,,,,,,,,,,,,,,,,,,,
104,0.0002708879,3.3941047,3.3941047,,,,,,,,,,,,,,,,,,,,,,,,,,0.59012055,,,,,,,0.77397709,0.86914218,0.87145846,0.87140768,0.98271604,,,,,,,,,,,,,,,,,,,,,,,,,,,,,,,,,,,,,,,
105,0.00027032292,3.4387336,3.4387336,,,,,,,,,,,,,,,,,,,,,,,,,,0.6014418,,,,,,,0.76982779,0.86528601,0.90035647,0.83686128,0.98260717,,,,,,,,,,,,,,,,,,,,,,,,,,,,,,,,,,,,,,,
106,0.0002697531,3.3869019,3.3869019,,,,,,,,,,,,,,,,,,,,,,,,,,0.5950083,,,,,,,0.77724158,0.87061454,0.87005741,0.87511114,0.98541719,,,,,,,,,,,,,,,,,,,,,,,,,,,,,,,,,,,,,,,
107,0.00026917849,3.4023663,3.4023663,,,,,,,,,,,,,,,,,,,,,,,,,,0.594117,,,,,,,0.78178271,0.87227836,0.88704001,0.8608295,0.98509181,,,,,,,,,,,,,,,,,,,,,,,,,,,,,,,,,,,,,,,
108,0.00026859909,3.4663724,3.4663724,,,,,,,,,,,,,,,,,,,,,,,,,,0.61314792,,,,,,,0.78898667,0.87898836,0.86302951,0.8977991,0.98180672,,,,,,,,,,,,,,,,,,,,,,,,,,,,,,,,,,,,,,,
109,0.00026801494,3.422091,3.422091,,,,,,,,,,,,,,,,,,,,,,,,,,0.5987436,,,,,,,0.77040065,0.86649115,0.91239495,0.8274737,0.98296212,3.1320818,3.1320818,,,,,,,,,,,,,,,,,,,,,,,,,,0.55249718,,,,,,,0.7825822,0.8685292,0.89767035,0.84805249,0.983829
110,0.00026742605,3.5306457,3.5306457,,,,,,,,,,,,,,,,,,,,,,,,,,0.61244845,,,,,,,0.75068712,0.85260358,0.85537892,0.86558063,0.98141302,,,,,,,,,,,,,,,,,,,,,,,,,,,,,,,,,,,,,,,
111,0.00026683245,3.4997959,3.4997959,,,,,,,,,,,,,,,,,,,,,,,,,,0.61222697,,,,,,,0.74967444,0.85353495,0.81764912,0.90031607,0.98350277,,,,,,,,,,,,,,,,,,,,,,,,,,,,,,,,,,,,,,,
112,0.00026623417,3.3330417,3.3330417,,,,,,,,,,,,,,,,,,,,,,,,,,0.58591242,,,,,,,0.78108871,0.87193296,0.90725488,0.84215825,0.98438307,,,,,,,,,,,,,,,,,,,,,,,,,,,,,,,,,,,,,,,
113,0.00026563123,3.2285069,3.2285069,,,,,,,,,,,,,,,,,,,,,,,,,,0.57355864,,,,,,,0.81691248,0.89619059,0.89090728,0.90279601,0.98604627,,,,,,,,,,,,,,,,,,,,,,,,,,,,,,,,,,,,,,,
114,0.00026502364,3.3360144,3.3360144,,,,,,,,,,,,,,,,,,,,,,,,,,0.58811851,,,,,,,0.78556867,0.87707552,0.91069036,0.84863084,0.98334497,,,,,,,,,,,,,,,,,,,,,,,,,,,,,,,,,,,,,,,
115,0.00026441145,3.349392,3.349392,,,,,,,,,,,,,,,,,,,,,,,,,,0.58971907,,,,,,,0.79116092,0.88101348,0.88332371,0.88089568,0.98378475,,,,,,,,,,,,,,,,,,,,,,,,,,,,,,,,,,,,,,,
116,0.00026379467,3.3173588,3.3173588,,,,,,,,,,,,,,,,,,,,,,,,,,0.58201115,,,,,,,0.77524125,0.8689598,0.87994927,0.86150828,0.98625964,,,,,,,,,,,,,,,,,,,,,,,,,,,,,,,,,,,,,,,
117,0.00026317332,3.337466,3.337466,,,,,,,,,,,,,,,,,,,,,,,,,,0.58764849,,,,,,,0.7921993,0.88006048,0.887296,0.87489678,0.98513523,,,,,,,,,,,,,,,,,,,,,,,,,,,,,,,,,,,,,,,
118,0.00026254743,3.4401905,3.4401905,,,,,,,,,,,,,,,,,,,,,,,,,,0.59541684,,,,,,,0.7572531,0.85723953,0.86166387,0.85471793,0.98466098,,,,,,,,,,,,,,,,,,,,,,,,,,,,,,,,,,,,,,,
119,0.00026191704,3.3621485,3.3621485,,,,,,,,,,,,,,,,,,,,,,,,,,0.58730723,,,,,,,0.78064244,0.8716672,0.87776469,0.86753103,0.98473283,3.0242095,3.0242095,,,,,,,,,,,,,,,,,,,,,,,,,,0.54189831,,,,,,,0.80655114,0.88399501,0.87610166,0.89821083,0.98594911
120,0.00026128215,3.3288145,3.3288145,,,,,,,,,,,,,,,,,,,,,,,,,,0.58599533,,,,,,,0.79213113,0.88132401,0.89987712,0.86528484,0.98510379,,,,,,,,,,,,,,,,,,,,,,,,,,,,,,,,,,,,,,,
121,0.0002606428,3.4364096,3.4364096,,,,,,,,,,,,,,,,,,,,,,,,,,0.59630663,,,,,,,0.75722626,0.85667843,0.87500767,0.84282537,0.98178606,,,,,,,,,,,,,,,,,,,,,,,,,,,,,,,,,,,,,,,
122,0.00025999901,3.2810688,3.2810688,,,,,,,,,,,,,,,,,,,,,,,,,,0.58098221,,,,,,,0.81066971,0.89396079,0.89808858,0.89090522,0.9858434,,,,,,,,,,,,,,,,,,,,,,,,,,,,,,,,,,,,,,,
123,0.00025935082,3.3387609,3.3387609,,,,,,,,,,,,,,,,,,,,,,,,,,0.58572457,,,,,,,0.79271143,0.87877295,0.87174358,0.8903281,0.98474031,,,,,,,,,,,,,,,,,,,,,,,,,,,,,,,,,,,,,,,
124,0.00025869824,3.3574535,3.3574535,,,,,,,,,,,,,,,,,,,,,,,,,,0.59034016,,,,,,,0.78029391,0.87264117,0.87657324,0.87097916,0.98484813,,,,,,,,,,,,,,,,,,,,,,,,,,,,,,,,,,,,,,,
125,0.0002580413,3.3219326,3.3219326,,,,,,,,,,,,,,,,,,,,,,,,,,0.58376672,,,,,,,0.79588288,0.88333798,0.88966944,0.87844385,0.98455838,,,,,,,,,,,,,,,,,,,,,,,,,,,,,,,,,,,,,,,
126,0.00025738003,3.3172319,3.3172319,,,,,,,,,,,,,,,,,,,,,,,,,,0.58106285,,,,,,,0.78750495,0.87586103,0.88135335,0.87238613,0.98441916,,,,,,,,,,,,,,,,,,,,,,,,,,,,,,,,,,,,,,,
127,0.00025671445,3.4731375,3.4731375,,,,,,,,,,,,,,,,,,,,,,,,,,0.6014691,,,,,,,0.75029674,0.84909247,0.86024404,0.8410825,0.98426189,,,,,,,,,,,,,,,,,,,,,,,,,,,,,,,,,,,,,,,
128,0.0002560446,3.3750293,3.3750293,,,,,,,,,,,,,,,,,,,,,,,,,,0.59238184,,,,,,,0.78854302,0.87793556,0.88006135,0.87761106,0.98561304,,,,,,,,,,,,,,,,,,,,,,,,,,,,,,,,,,,,,,,
129,0.0002553705,3.270046,3.270046,,,,,,,,,,,,,,,,,,,,,,,,,,0.58030107,,,,,,,0.81101105,0.89370297,0.89231764,0.89824792,0.98476311,3.0553259,3.0553259,,,,,,,,,,,,,,,,,,,,,,,,,,0.54622472,,,,,,,0.79704966,0.87840867,0.89318443,0.86908184,0.98528613
130,0.00025469217,3.3981607,3.3981607,,,,,,,,,,,,,,,,,,,,,,,,,,0.59341219,,,,,,,0.75708606,0.85674666,0.89636207,0.82231483,0.98289672,,,,,,,,,,,,,,,,,,,,,,,,,,,,,,,,,,,,,,,
131,0.00025400964,3.2736412,3.2736412,,,,,,,,,,,,,,,,,,,,,,,,,,0.57966509,,,,,,,0.79742234,0.88321955,0.88416182,0.8848563,0.98686156,,,,,,,,,,,,,,,,,,,,,,,,,,,,,,,,,,,,,,,
132,0.00025332295,3.3391825,3.3391825,,,,,,,,,,,,,,,,,,,,,,,,,,0.58516729,,,,,,,0.79045881,0.87929986,0.88999181,0.87030163,0.98354567,,,,,,,,,,,,,,,,,,,,,,,,,,,,,,,,,,,,,,,
133,0.00025263211,3.3456153,3.3456153,,,,,,,,,,,,,,,,,,,,,,,,,,0.58775175,,,,,,,0.79168672,0.88155962,0.89463206,0.8707769,0.98463698,,,,,,,,,,,,,,,,,,,,,,,,,,,,,,,,,,,,,,,
134,0.00025193716,3.2181405,3.2181405,,,,,,,,,,,,,,,,,,,,,,,,,,0.56885723,,,,,,,0.79915854,0.88383361,0.89231371,0.87773224,0.98574336,,,,,,,,,,,,,,,,,,,,,,,,,,,,,,,,,,,,,,,
135,0.00025123812,3.3009907,3.3009907,,,,,,,,,,,,,,,,,,,,,,,,,,0.58266353,,,,,,,0.7903497,0.87937354,0.8863028,0.87435116,0.98311203,,,,,,,,,,,,,,,,,,,,,,,,,,,,,,,,,,,,,,,
136,0.00025053503,3.3166238,3.3166238,,,,,,,,,,,,,,,,,,,,,,,,,,0.58644996,,,,,,,0.7955893,0.88360013,0.89842744,0.8706502,0.98532251,,,,,,,,,,,,,,,,,,,,,,,,,,,,,,,,,,,,,,,
137,0.0002498279,3.2860073,3.2860073,,,,,,,,,,,,,,,,,,,,,,,,,,0.57986127,,,,,,,0.79559638,0.88229106,0.87680009,0.89191419,0.98384503,,,,,,,,,,,,,,,,,,,,,,,,,,,,,,,,,,,,,,,
138,0.00024911678,3.2355348,3.2355348,,,,,,,,,,,,,,,,,,,,,,,,,,0.57440084,,,,,,,0.80449133,0.88892121,0.90641736,0.87573388,0.98711805,,,,,,,,,,,,,,,,,,,,,,,,,,,,,,,,,,,,,,,
139,0.00024840168,3.3237109,3.3237109,,,,,,,,,,,,,,,,,,,,,,,,,,0.58223469,,,,,,,0.78168512,0.8739662,0.89606514,0.85676948,0.98581222,3.0967792,3.0967792,,,,,,,,,,,,,,,,,,,,,,,,,,0.5560157,,,,,,,0.81016326,0.88601311,0.85708699,0.92490231,0.9859932
140,0.00024768264,3.3362817,3.3362817,,,,,,,,,,,,,,,,,,,,,,,,,,0.58430348,,,,,,,0.7858201,0.87653892,0.89580345,0.86211141,0.98528163,,,,,,,,,,,,,,,,,,,,,,,,,,,,,,,,,,,,,,,
141,0.00024695968,3.4377569,3.4377569,,,,,,,,,,,,,,,,,,,,,,,,,,0.59725614,,,,,,,0.75921706,0.8562517,0.86675139,0.85021583,0.98439913,,,,,,,,,,,,,,,,,,,,,,,,,,,,,,,,,,,,,,,
142,0.00024623284,3.2909123,3.2909123,,,,,,,,,,,,,,,,,,,,,,,,,,0.57817432,,,,,,,0.79515769,0.88268514,0.88058485,0.88806703,0.98611859,,,,,,,,,,,,,,,,,,,,,,,,,,,,,,,,,,,,,,,
143,0.00024550215,3.2933822,3.2933822,,,,,,,,,,,,,,,,,,,,,,,,,,0.58039623,,,,,,,0.79058689,0.87873682,0.89824989,0.86406856,0.98530063,,,,,,,,,,,,,,,,,,,,,,,,,,,,,,,,,,,,,,,
144,0.00024476762,3.3030873,3.3030873,,,,,,,,,,,,,,,,,,,,,,,,,,0.58277065,,,,,,,0.7907128,0.88086132,0.89000258,0.87580402,0.98594932,,,,,,,,,,,,,,,,,,,,,,,,,,,,,,,,,,,,,,,
145,0.0002440293,3.3460911,3.3460911,,,,,,,,,,,,,,,,,,,,,,,,,,0.59194361,,,,,,,0.79939782,0.88673972,0.89150814,0.88416837,0.98369837,,,,,,,,,,,,,,,,,,,,,,,,,,,,,,,,,,,,,,,
146,0.00024328722,3.2203138,3.2203138,,,,,,,,,,,,,,,,,,,,,,,,,,0.57322725,,,,,,,0.81621611,0.89678743,0.90328278,0.89193115,0.98603592,,,,,,,,,,,,,,,,,,,,,,,,,,,,,,,,,,,,,,,
147,0.00024254139,3.3332065,3.3332065,,,,,,,,,,,,,,,,,,,,,,,,,,0.58695295,,,,,,,0.78928535,0.8780247,0.88623708,0.87296359,0.98403523,,,,,,,,,,,,,,,,,,,,,,,,,,,,,,,,,,,,,,,
148,0.00024179186,3.3202126,3.3202126,,,,,,,,,,,,,,,,,,,,,,,,,,0.58247611,,,,,,,0.79169237,0.87850332,0.88033912,0.87834487,0.98655003,,,,,,,,,,,,,,,,,,,,,,,,,,,,,,,,,,,,,,,
149,0.00024103865,3.3117429,3.3117429,,,,,,,,,,,,,,,,,,,,,,,,,,0.58319577,,,,,,,0.79769167,0.88334796,0.89388131,0.87555506,0.98633567,3.04533,3.04533,,,,,,,,,,,,,,,,,,,,,,,,,,0.54803893,,,,,,,0.81165941,0.88703522,0.86806409,0.91343616,0.98619453
150,0.00024028179,3.3072633,3.3072633,,,,,,,,,,,,,,,,,,,,,,,,,,0.58562047,,,,,,,0.79800704,0.88119703,0.89822577,0.86678372,0.98612796,,,,,,,,,,,,,,,,,,,,,,,,,,,,,,,,,,,,,,,
151,0.00023952132,3.263511,3.263511,,,,,,,,,,,,,,,,,,,,,,,,,,0.57646654,,,,,,,0.80241456,0.8856116,0.88855001,0.88444976,0.98526618,,,,,,,,,,,,,,,,,,,,,,,,,,,,,,,,,,,,,,,
152,0.00023875726,3.3827404,3.3827404,,,,,,,,,,,,,,,,,,,,,,,,,,0.58795048,,,,,,,0.76327833,0.85499451,0.8647044,0.85455765,0.98186999,,,,,,,,,,,,,,,,,,,,,,,,,,,,,,,,,,,,,,,
153,0.00023798965,3.2202916,3.2202916,,,,,,,,,,,,,,,,,,,,,,,,,,0.56850979,,,,,,,0.80262413,0.88802606,0.8930389,0.88426693,0.98654807,,,,,,,,,,,,,,,,,,,,,,,,,,,,,,,,,,,,,,,
154,0.00023721851,3.2775531,3.2775531,,,,,,,,,,,,,,,,,,,,,,,,,,0.57808797,,,,,,,0.78755898,0.87740524,0.88788674,0.86911269,0.9835717,,,,,,,,,,,,,,,,,,,,,,,,,,,,,,,,,,,,,,,
155,0.00023644388,3.3010026,3.3010026,,,,,,,,,,,,,,,,,,,,,,,,,,0.57991394,,,,,,,0.79420937,0.88208888,0.87921052,0.88941803,0.98376924,,,,,,,,,,,,,,,,,,,,,,,,,,,,,,,,,,,,,,,
156,0.00023566578,3.1886195,3.1886195,,,,,,,,,,,,,,,,,,,,,,,,,,0.56124977,,,,,,,0.80390083,0.88827838,0.90629999,0.8723403,0.98669999,,,,,,,,,,,,,,,,,,,,,,,,,,,,,,,,,,,,,,,
157,0.00023488426,3.2643658,3.2643658,,,,,,,,,,,,,,,,,,,,,,,,,,0.5735224,,,,,,,0.79406154,0.88222554,0.88734159,0.87867442,0.98680564,,,,,,,,,,,,,,,,,,,,,,,,,,,,,,,,,,,,,,,
158,0.00023409934,3.2752377,3.2752377,,,,,,,,,,,,,,,,,,,,,,,,,,0.57552999,,,,,,,0.79130064,0.87979528,0.8826214,0.87788536,0.98598155,,,,,,,,,,,,,,,,,,,,,,,,,,,,,,,,,,,,,,,
159,0.00023331105,3.3102356,3.3102356,,,,,,,,,,,,,,,,,,,,,,,,,,0.58467588,,,,,,,0.8010647,0.88367253,0.89050889,0.8783154,0.98470953,3.036582,3.036582,,,,,,,,,,,,,,,,,,,,,,,,,,0.54444477,,,,,,,0.80899563,0.88527656,0.87101196,0.90702911,0.98611533
160,0.00023251942,3.2667017,3.2667017,,,,,,,,,,,,,,,,,,,,,,,,,,0.58005852,,,,,,,0.80762224,0.89041752,0.89407324,0.88886757,0.98316671,,,,,,,,,,,,,,,,,,,,,,,,,,,,,,,,,,,,,,,
161,0.0002317245,3.267676,3.267676,,,,,,,,,,,,,,,,,,,,,,,,,,0.57609836,,,,,,,0.79543845,0.88323209,0.89373178,0.87407146,0.98608714,,,,,,,,,,,,,,,,,,,,,,,,,,,,,,,,,,,,,,,
162,0.00023092629,3.3058193,3.3058193,,,,,,,,,,,,,,,,,,,,,,,,,,0.57956865,,,,,,,0.7831428,0.87588979,0.88328847,0.86968755,0.98529808,,,,,,,,,,,,,,,,,,,,,,,,,,,,,,,,,,,,,,,
163,0.00023012485,3.255664,3.255664,,,,,,,,,,,,,,,,,,,,,,,,,,0.57225802,,,,,,,0.79864728,0.88298359,0.87889529,0.89073206,0.98500128,,,,,,,,,,,,,,,,,,,,,,,,,,,,,,,,,,,,,,,
164,0.00022932021,3.3354035,3.3354035,,,,,,,,,,,,,,,,,,,,,,,,,,0.58140541,,,,,,,0.77170811,0.86546357,0.88170261,0.85203534,0.98509142,,,,,,,,,,,,,,,,,,,,,,,,,,,,,,,,,,,,,,,
165,0.00022851239,3.2962176,3.2962176,,,,,,,,,,,,,,,,,,,,,,,,,,0.57568467,,,,,,,0.7791301,0.87090064,0.87291854,0.87382097,0.98548407,,,,,,,,,,,,,,,,,,,,,,,,,,,,,,,,,,,,,,,
166,0.00022770142,3.3362763,3.3362763,,,,,,,,,,,,,,,,,,,,,,,,,,0.58501953,,,,,,,0.78192292,0.87353674,0.87619372,0.87559729,0.9844739,,,,,,,,,,,,,,,,,,,,,,,,,,,,,,,,,,,,,,,
167,0.00022688735,3.1978382,3.1978382,,,,,,,,,,,,,,,,,,,,,,,,,,0.56588063,,,,,,,0.80916323,0.89237212,0.89749346,0.88861416,0.98728722,,,,,,,,,,,,,,,,,,,,,,,,,,,,,,,,,,,,,,,
168,0.0002260702,3.316143,3.316143,,,,,,,,,,,,,,,,,,,,,,,,,,0.57939922,,,,,,,0.7718616,0.86584676,0.89090645,0.84638187,0.9834938,,,,,,,,,,,,,,,,,,,,,,,,,,,,,,,,,,,,,,,
169,0.00022525,3.2467475,3.2467475,,,,,,,,,,,,,,,,,,,,,,,,,,0.57442365,,,,,,,0.80494671,0.88979045,0.88340422,0.9002498,0.98449244,3.0146077,3.0146077,,,,,,,,,,,,,,,,,,,,,,,,,,0.54204473,,,,,,,0.81524551,0.88942466,0.86653478,0.91991938,0.98662539
170,0.00022442679,3.2141752,3.2141752,,,,,,,,,,,,,,,,,,,,,,,,,,0.56951468,,,,,,,0.80232137,0.88743726,0.90000031,0.8767505,0.98732687,,,,,,,,,,,,,,,,,,,,,,,,,,,,,,,,,,,,,,,
171,0.00022360061,3.2556771,3.2556771,,,,,,,,,,,,,,,,,,,,,,,,,,0.57278939,,,,,,,0.78478008,0.87541833,0.87815201,0.87608809,0.9839318,,,,,,,,,,,,,,,,,,,,,,,,,,,,,,,,,,,,,,,
172,0.00022277148,3.3357138,3.3357138,,,,,,,,,,,,,,,,,,,,,,,,,,0.58228317,,,,,,,0.76741439,0.86149257,0.88128851,0.84491949,0.98498497,,,,,,,,,,,,,,,,,,,,,,,,,,,,,,,,,,,,,,,
173,0.00022193944,3.3533455,3.3533455,,,,,,,,,,,,,,,,,,,,,,,,,,0.58607771,,,,,,,0.77855718,0.87138502,0.86864421,0.87533687,0.98441975,,,,,,,,,,,,,,,,,,,,,,,,,,,,,,,,,,,,,,,
174,0.00022110453,3.2756037,3.2756037,,,,,,,,,,,,,,,,,,,,,,,,,,0.57647762,,,,,,,0.7893174,0.8776098,0.88485568,0.87245988,0.98607645,,,,,,,,,,,,,,,,,,,,,,,,,,,,,,,,,,,,,,,
175,0.00022026676,3.2538429,3.2538429,,,,,,,,,,,,,,,,,,,,,,,,,,0.57432493,,,,,,,0.7909632,0.87654542,0.88827671,0.87008835,0.98588981,,,,,,,,,,,,,,,,,,,,,,,,,,,,,,,,,,,,,,,
176,0.00021942619,3.1806777,3.1806777,,,,,,,,,,,,,,,,,,,,,,,,,,0.5637647,,,,,,,0.80949886,0.89235267,0.9057232,0.88141246,0.9870388,,,,,,,,,,,,,,,,,,,,,,,,,,,,,,,,,,,,,,,
177,0.00021858285,3.2468292,3.2468292,,,,,,,,,,,,,,,,,,,,,,,,,,0.57720235,,,,,,,0.8025628,0.88719023,0.89468769,0.88048593,0.98602797,,,,,,,,,,,,,,,,,,,,,,,,,,,,,,,,,,,,,,,
178,0.00021773676,3.318257,3.318257,,,,,,,,,,,,,,,,,,,,,,,,,,0.5821417,,,,,,,0.78149281,0.87218583,0.86849915,0.88037409,0.98501065,,,,,,,,,,,,,,,,,,,,,,,,,,,,,,,,,,,,,,,
179,0.00021688796,3.2064228,3.2064228,,,,,,,,,,,,,,,,,,,,,,,,,,0.56934559,,,,,,,0.79769184,0.88472868,0.90997367,0.86245952,0.98628209,3.0488046,3.0488046,,,,,,,,,,,,,,,,,,,,,,,,,,0.5498848,,,,,,,0.81359942,0.88849101,0.87270748,0.9105609,0.9866484
180,0.00021603649,3.1964998,3.1964998,,,,,,,,,,,,,,,,,,,,,,,,,,0.57273779,,,,,,,0.82945019,0.90475372,0.90878751,0.90164077,0.98632864,,,,,,,,,,,,,,,,,,,,,,,,,,,,,,,,,,,,,,,
181,0.00021518237,3.2752329,3.2752329,,,,,,,,,,,,,,,,,,,,,,,,,,0.57642883,,,,,,,0.80575798,0.88942695,0.88666644,0.89384964,0.9845544,,,,,,,,,,,,,,,,,,,,,,,,,,,,,,,,,,,,,,,
182,0.00021432566,3.2840621,3.2840621,,,,,,,,,,,,,,,,,,,,,,,,,,0.57874871,,,,,,,0.79091924,0.88026397,0.89337232,0.86955199,0.98520136,,,,,,,,,,,,,,,,,,,,,,,,,,,,,,,,,,,,,,,
183,0.00021346637,3.2466825,3.2466825,,,,,,,,,,,,,,,,,,,,,,,,,,0.57169185,,,,,,,0.79448699,0.87927185,0.89044529,0.87185069,0.9851709,,,,,,,,,,,,,,,,,,,,,,,,,,,,,,,,,,,,,,,
184,0.00021260454,3.3428035,3.3428035,,,,,,,,,,,,,,,,,,,,,,,,,,0.58295508,,,,,,,0.78067842,0.87312602,0.8869205,0.86225994,0.98626348,,,,,,,,,,,,,,,,,,,,,,,,,,,,,,,,,,,,,,,
185,0.00021174022,3.2625769,3.2625769,,,,,,,,,,,,,,,,,,,,,,,,,,0.57462354,,,,,,,0.79742134,0.88219256,0.87913115,0.88926414,0.98605547,,,,,,,,,,,,,,,,,,,,,,,,,,,,,,,,,,,,,,,
186,0.00021087343,3.2928754,3.2928754,,,,,,,,,,,,,,,,,,,,,,,,,,0.57602876,,,,,,,0.78401263,0.87453224,0.87686448,0.87412754,0.98477604,,,,,,,,,,,,,,,,,,,,,,,,,,,,,,,,,,,,,,,
187,0.0002100042,3.281292,3.281292,,,,,,,,,,,,,,,,,,,,,,,,,,0.57627008,,,,,,,0.78700178,0.87542893,0.88463535,0.86939667,0.98497508,,,,,,,,,,,,,,,,,,,,,,,,,,,,,,,,,,,,,,,
188,0.00020913258,3.296461,3.296461,,,,,,,,,,,,,,,,,,,,,,,,,,0.57302713,,,,,,,0.77888222,0.87153281,0.8676072,0.87723289,0.98560114,,,,,,,,,,,,,,,,,,,,,,,,,,,,,,,,,,,,,,,
189,0.0002082586,3.2135682,3.2135682,,,,,,,,,,,,,,,,,,,,,,,,,,0.5697087,,,,,,,0.7956118,0.88267742,0.89873178,0.86792408,0.98686395,2.990486,2.990486,,,,,,,,,,,,,,,,,,,,,,,,,,0.53813976,,,,,,,0.81573064,0.89015155,0.87540077,0.91094835,0.98691547
190,0.00020738229,3.2357334,3.2357334,,,,,,,,,,,,,,,,,,,,,,,,,,0.56859624,,,,,,,0.80430555,0.88784162,0.89523903,0.88142073,0.98788374,,,,,,,,,,,,,,,,,,,,,,,,,,,,,,,,,,,,,,,
191,0.00020650369,3.2877741,3.2877741,,,,,,,,,,,,,,,,,,,,,,,,,,0.57865618,,,,,,,0.78442852,0.87594417,0.88506307,0.86862389,0.98657493,,,,,,,,,,,,,,,,,,,,,,,,,,,,,,,,,,,,,,,
192,0.00020562283,3.1237092,3.1237092,,,,,,,,,,,,,,,,,,,,,,,,,,0.55737656,,,,,,,0.82596428,0.90037724,0.900942,0.90206052,0.98717392,,,,,,,,,,,,,,,,,,,,,,,,,,,,,,,,,,,,,,,
193,0.00020473975,3.2947532,3.2947532,,,,,,,,,,,,,,,,,,,,,,,,,,0.57952819,,,,,,,0.78345046,0.87558611,0.87935406,0.87332289,0.9862646,,,,,,,,,,,,,,,,,,,,,,,,,,,,,,,,,,,,,,,
194,0.00020385449,3.2269497,3.2269497,,,,,,,,,,,,,,,,,,,,,,,,,,0.56906285,,,,,,,0.80252596,0.88686778,0.89970324,0.87582217,0.98580384,,,,,,,,,,,,,,,,,,,,,,,,,,,,,,,,,,,,,,,
195,0.00020296708,3.1850691,3.1850691,,,,,,,,,,,,,,,,,,,,,,,,,,0.56567674,,,,,,,0.8097466,0.89211657,0.89966965,0.88566636,0.98624114,,,,,,,,,,,,,,,,,,,,,,,,,,,,,,,,,,,,,,,
196,0.00020207755,3.2270252,3.2270252,,,,,,,,,,,,,,,,,,,,,,,,,,0.57228798,,,,,,,0.80685022,0.89108284,0.89477779,0.88877611,0.98561194,,,,,,,,,,,,,,,,,,,,,,,,,,,,,,,,,,,,,,,
197,0.00020118595,3.1604006,3.1604006,,,,,,,,,,,,,,,,,,,,,,,,,,0.56203601,,,,,,,0.80796376,0.89103821,0.90161952,0.88160446,0.98620953,,,,,,,,,,,,,,,,,,,,,,,,,,,,,,,,,,,,,,,
198,0.00020029231,3.1179777,3.1179777,,,,,,,,,,,,,,,,,,,,,,,,,,0.55497372,,,,,,,0.82235322,0.9003961,0.90107775,0.90161262,0.98683762,,,,,,,,,,,,,,,,,,,,,,,,,,,,,,,,,,,,,,,
199,0.00019939666,3.1990684,3.1990684,,,,,,,,,,,,,,,,,,,,,,,,,,0.56627119,,,,,,,0.80698944,0.89086227,0.89046778,0.89321427,0.98578333,3.0548158,3.0548158,,,,,,,,,,,,,,,,,,,,,,,,,,0.54989491,,,,,,,0.81451983,0.88869209,0.86554325,0.92100102,0.98657177
200,0.00019849904,3.2890515,3.2890515,,,,,,,,,,,,,,,,,,,,,,,,,,0.57896711,,,,,,,0.78921922,0.87664644,0.87793581,0.87880764,0.98467179,,,,,,,,,,,,,,,,,,,,,,,,,,,,,,,,,,,,,,,
201,0.00019759949,3.1973391,3.1973391,,,,,,,,,,,,,,,,,,,,,,,,,,0.56727754,,,,,,,0.79871481,0.8837144,0.89996969,0.86923657,0.98574015,,,,,,,,,,,,,,,,,,,,,,,,,,,,,,,,,,,,,,,
202,0.00019669804,3.2007224,3.2007224,,,,,,,,,,,,,,,,,,,,,,,,,,0.568576,,,,,,,0.80453574,0.88642607,0.89965151,0.87534234,0.98623641,,,,,,,,,,,,,,,,,,,,,,,,,,,,,,,,,,,,,,,
203,0.00019579473,3.2632923,3.2632923,,,,,,,,,,,,,,,,,,,,,,,,,,0.57248225,,,,,,,0.78827181,0.87669938,0.88171528,0.87344949,0.98595707,,,,,,,,,,,,,,,,,,,,,,,,,,,,,,,,,,,,,,,
204,0.0001948896,3.2171034,3.2171034,,,,,,,,,,,,,,,,,,,,,,,,,,0.56997209,,,,,,,0.81085374,0.89281604,0.89816352,0.88902845,0.98705076,,,,,,,,,,,,,,,,,,,,,,,,,,,,,,,,,,,,,,,
205,0.00019398267,3.2133152,3.2133152,,,,,,,,,,,,,,,,,,,,,,,,,,0.56651728,,,,,,,0.80497267,0.88921594,0.89243332,0.88787227,0.98459553,,,,,,,,,,,,,,,,,,,,,,,,,,,,,,,,,,,,,,,
206,0.000193074,3.1925327,3.1925327,,,,,,,,,,,,,,,,,,,,,,,,,,0.56611092,,,,,,,0.810285,0.89206522,0.89973439,0.88629275,0.9843603,,,,,,,,,,,,,,,,,,,,,,,,,,,,,,,,,,,,,,,
207,0.00019216361,3.2587971,3.2587971,,,,,,,,,,,,,,,,,,,,,,,,,,0.5781427,,,,,,,0.80347156,0.88790754,0.89620081,0.88112802,0.98520411,,,,,,,,,,,,,,,,,,,,,,,,,,,,,,,,,,,,,,,
208,0.00019125154,3.3126225,3.3126225,,,,,,,,,,,,,,,,,,,,,,,,,,0.57901704,,,,,,,0.77249413,0.86596847,0.8827648,0.85301136,0.98567274,,,,,,,,,,,,,,,,,,,,,,,,,,,,,,,,,,,,,,,
209,0.00019033784,3.2398596,3.2398596,,,,,,,,,,,,,,,,,,,,,,,,,,0.57444992,,,,,,,0.81124733,0.89368983,0.89890407,0.889595,0.98586004,3.0323256,3.0323256,,,,,,,,,,,,,,,,,,,,,,,,,,0.54597541,,,,,,,0.8149326,0.88916612,0.87034443,0.91612363,0.98673092
210,0.00018942252,3.1715162,3.1715162,,,,,,,,,,,,,,,,,,,,,,,,,,0.56200176,,,,,,,0.81314475,0.89150419,0.89307173,0.89198946,0.98658005,,,,,,,,,,,,,,,,,,,,,,,,,,,,,,,,,,,,,,,
211,0.00018850564,3.2859101,3.2859101,,,,,,,,,,,,,,,,,,,,,,,,,,0.58237946,,,,,,,0.79534152,0.88441553,0.89754664,0.87279803,0.98526814,,,,,,,,,,,,,,,,,,,,,,,,,,,,,,,,,,,,,,,
212,0.00018758723,3.2707629,3.2707629,,,,,,,,,,,,,,,,,,,,,,,,,,0.5757333,,,,,,,0.79154485,0.87928256,0.87854938,0.88114795,0.98615928,,,,,,,,,,,,,,,,,,,,,,,,,,,,,,,,,,,,,,,
213,0.00018666732,3.2259341,3.2259341,,,,,,,,,,,,,,,,,,,,,,,,,,0.57306862,,,,,,,0.80613777,0.89052304,0.88851798,0.8939884,0.98409228,,,,,,,,,,,,,,,,,,,,,,,,,,,,,,,,,,,,,,,
214,0.00018574596,3.2046287,3.2046287,,,,,,,,,,,,,,,,,,,,,,,,,,0.56633918,,,,,,,0.7945295,0.8819187,0.8978583,0.86811497,0.98622103,,,,,,,,,,,,,,,,,,,,,,,,,,,,,,,,,,,,,,,
215,0.00018482318,3.1826186,3.1826186,,,,,,,,,,,,,,,,,,,,,,,,,,0.56381689,,,,,,,0.80179875,0.88813315,0.89878696,0.87911673,0.98489213,,,,,,,,,,,,,,,,,,,,,,,,,,,,,,,,,,,,,,,
216,0.00018389901,3.2880227,3.2880227,,,,,,,,,,,,,,,,,,,,,,,,,,0.58311653,,,,,,,0.79466113,0.88298254,0.88790119,0.8795602,0.98609393,,,,,,,,,,,,,,,,,,,,,,,,,,,,,,,,,,,,,,,
217,0.0001829735,3.2252567,3.2252567,,,,,,,,,,,,,,,,,,,,,,,,,,0.56328101,,,,,,,0.79052023,0.87471322,0.8920596,0.86239573,0.9879295,,,,,,,,,,,,,,,,,,,,,,,,,,,,,,,,,,,,,,,
218,0.00018204669,3.2057669,3.2057669,,,,,,,,,,,,,,,,,,,,,,,,,,0.56857101,,,,,,,0.81086091,0.89245413,0.8951704,0.89226772,0.98673858,,,,,,,,,,,,,,,,,,,,,,,,,,,,,,,,,,,,,,,
219,0.0001811186,3.2346733,3.2346733,,,,,,,,,,,,,,,,,,,,,,,,,,0.56927355,,,,,,,0.7965975,0.88201622,0.8908755,0.87564815,0.98590436,3.0930061,3.0930061,,,,,,,,,,,,,,,,,,,,,,,,,,0.55929668,,,,,,,0.81587238,0.88957729,0.85920129,0.93075165,0.98662518
220,0.00018018927,3.2267767,3.2267767,,,,,,,,,,,,,,,,,,,,,,,,,,0.57281087,,,,,,,0.80209382,0.88676567,0.87796202,0.89734296,0.98605336,,,,,,,,,,,,,,,,,,,,,,,,,,,,,,,,,,,,,,,
221,0.00017925876,3.2376685,3.2376685,,,,,,,,,,,,,,,,,,,,,,,,,,0.57019549,,,,,,,0.79611237,0.88284792,0.90289441,0.86540462,0.98669054,,,,,,,,,,,,,,,,,,,,,,,,,,,,,,,,,,,,,,,
222,0.00017832708,3.1370801,3.1370801,,,,,,,,,,,,,,,,,,,,,,,,,,0.55788494,,,,,,,0.81547904,0.89649047,0.89630282,0.89777959,0.98722909,,,,,,,,,,,,,,,,,,,,,,,,,,,,,,,,,,,,,,,
223,0.00017739428,3.1796281,3.1796281,,,,,,,,,,,,,,,,,,,,,,,,,,0.56143611,,,,,,,0.81088573,0.89316223,0.90523754,0.88310492,0.98518484,,,,,,,,,,,,,,,,,,,,,,,,,,,,,,,,,,,,,,,
224,0.0001764604,3.2521374,3.2521374,,,,,,,,,,,,,,,,,,,,,,,,,,0.57275586,,,,,,,0.80199694,0.88570462,0.87323836,0.89996963,0.98570898,,,,,,,,,,,,,,,,,,,,,,,,,,,,,,,,,,,,,,,
225,0.00017552548,3.151395,3.151395,,,,,,,,,,,,,,,,,,,,,,,,,,0.56268369,,,,,,,0.82293065,0.90059302,0.91701204,0.88606723,0.98556448,,,,,,,,,,,,,,,,,,,,,,,,,,,,,,,,,,,,,,,
226,0.00017458954,3.1906448,3.1906448,,,,,,,,,,,,,,,,,,,,,,,,,,0.56461824,,,,,,,0.80843656,0.88980455,0.89873405,0.88218618,0.98591598,,,,,,,,,,,,,,,,,,,,,,,,,,,,,,,,,,,,,,,
227,0.00017365264,3.1951936,3.1951936,,,,,,,,,,,,,,,,,,,,,,,,,,0.56839861,,,,,,,0.81239601,0.89182116,0.89979003,0.88560206,0.98577542,,,,,,,,,,,,,,,,,,,,,,,,,,,,,,,,,,,,,,,
228,0.0001727148,3.1261355,3.1261355,,,,,,,,,,,,,,,,,,,,,,,,,,0.5601644,,,,,,,0.82742223,0.9033192,0.90532445,0.90235358,0.98704725,,,,,,,,,,,,,,,,,,,,,,,,,,,,,,,,,,,,,,,
229,0.00017177607,3.1646758,3.1646758,,,,,,,,,,,,,,,,,,,,,,,,,,0.56008514,,,,,,,0.81412609,0.89534113,0.89356065,0.89833531,0.98697206,3.0703431,3.0703431,,,,,,,,,,,,,,,,,,,,,,,,,,0.55624435,,,,,,,0.8176189,0.89077422,0.87195206,0.91738918,0.98688518
230,0.00017083648,3.2346935,3.2346935,,,,,,,,,,,,,,,,,,,,,,,,,,0.56952658,,,,,,,0.79290233,0.88054989,0.88752762,0.87684614,0.98608193,,,,,,,,,,,,,,,,,,,,,,,,,,,,,,,,,,,,,,,
231,0.00016989607,3.222297,3.222297,,,,,,,,,,,,,,,,,,,,,,,,,,0.56557518,,,,,,,0.7977613,0.88452719,0.89186734,0.87846144,0.98646523,,,,,,,,,,,,,,,,,,,,,,,,,,,,,,,,,,,,,,,
232,0.00016895488,3.2100296,3.2100296,,,,,,,,,,,,,,,,,,,,,,,,,,0.57071163,,,,,,,0.80554919,0.89035255,0.90360742,0.8784762,0.98694065,,,,,,,,,,,,,,,,,,,,,,,,,,,,,,,,,,,,,,,
233,0.00016801295,3.168178,3.168178,,,,,,,,,,,,,,,,,,,,,,,,,,0.56255808,,,,,,,0.81239448,0.89480162,0.89938182,0.89222152,0.98544932,,,,,,,,,,,,,,,,,,,,,,,,,,,,,,,,,,,,,,,
234,0.00016707031,3.1869394,3.1869394,,,,,,,,,,,,,,,,,,,,,,,,,,0.56421842,,,,,,,0.79669727,0.88151512,0.89448193,0.87085146,0.9865478,,,,,,,,,,,,,,,,,,,,,,,,,,,,,,,,,,,,,,,
235,0.00016612701,3.16869,3.16869,,,,,,,,,,,,,,,,,,,,,,,,,,0.56112076,,,,,,,0.81370953,0.89574988,0.89419287,0.89891398,0.98524399,,,,,,,,,,,,,,,,,,,,,,,,,,,,,,,,,,,,,,,
236,0.00016518307,3.1725413,3.1725413,,,,,,,,,,,,,,,,,,,,,,,,,,0.56364391,,,,,,,0.82129589,0.89917161,0.90305018,0.89613775,0.98590323,,,,,,,,,,,,,,,,,,,,,,,,,,,,,,,,,,,,,,,
237,0.00016423854,3.2116123,3.2116123,,,,,,,,,,,,,,,,,,,,,,,,,,0.56822368,,,,,,,0.81389968,0.89413986,0.90175592,0.887582,0.98603288,,,,,,,,,,,,,,,,,,,,,,,,,,,,,,,,,,,,,,,
238,0.00016329346,3.1528482,3.1528482,,,,,,,,,,,,,,,,,,,,,,,,,,0.56101422,,,,,,,0.81448248,0.89545612,0.89534184,0.89815256,0.98480833,,,,,,,,,,,,,,,,,,,,,,,,,,,,,,,,,,,,,,,
239,0.00016234787,3.2237092,3.2237092,,,,,,,,,,,,,,,,,,,,,,,,,,0.56565836,,,,,,,0.78228646,0.87443485,0.88657229,0.86427041,0.98663008,3.0358185,3.0358185,,,,,,,,,,,,,,,,,,,,,,,,,,0.54692467,,,,,,,0.81589935,0.88982227,0.87662075,0.91011314,0.98680125
240,0.0001614018,3.1570047,3.1570047,,,,,,,,,,,,,,,,,,,,,,,,,,0.56052084,,,,,,,0.80962321,0.89287666,0.89986108,0.88681108,0.98560576,,,,,,,,,,,,,,,,,,,,,,,,,,,,,,,,,,,,,,,
241,0.00016045528,3.1554379,3.1554379,,,,,,,,,,,,,,,,,,,,,,,,,,0.55982729,,,,,,,0.80936472,0.89239216,0.90351484,0.88257967,0.98663797,,,,,,,,,,,,,,,,,,,,,,,,,,,,,,,,,,,,,,,
242,0.00015950837,3.2320092,3.2320092,,,,,,,,,,,,,,,,,,,,,,,,,,0.56962807,,,,,,,0.79111627,0.87917432,0.88215778,0.87789408,0.98694452,,,,,,,,,,,,,,,,,,,,,,,,,,,,,,,,,,,,,,,
243,0.0001585611,3.2348745,3.2348745,,,,,,,,,,,,,,,,,,,,,,,,,,0.57160474,,,,,,,0.79809152,0.88378633,0.88637275,0.88304604,0.98625935,,,,,,,,,,,,,,,,,,,,,,,,,,,,,,,,,,,,,,,
244,0.0001576135,3.1779705,3.1779705,,,,,,,,,,,,,,,,,,,,,,,,,,0.56105657,,,,,,,0.80003534,0.88536624,0.90630725,0.8671197,0.9856323,,,,,,,,,,,,,,,,,,,,,,,,,,,,,,,,,,,,,,,
245,0.00015666561,3.220886,3.220886,,,,,,,,,,,,,,,,,,,,,,,,,,0.56656189,,,,,,,0.79251364,0.87988985,0.8824345,0.87950861,0.98712724,,,,,,,,,,,,,,,,,,,,,,,,,,,,,,,,,,,,,,,
246,0.00015571747,3.1510205,3.1510205,,,,,,,,,,,,,,,,,,,,,,,,,,0.56178717,,,,,,,0.82553545,0.90269394,0.90753307,0.89896096,0.98818197,,,,,,,,,,,,,,,,,,,,,,,,,,,,,,,,,,,,,,,
247,0.00015476913,3.1461096,3.1461096,,,,,,,,,,,,,,,,,,,,,,,,,,0.55923293,,,,,,,0.80723437,0.89152943,0.89997468,0.88496352,0.98645859,,,,,,,,,,,,,,,,,,,,,,,,,,,,,,,,,,,,,,,
248,0.00015382061,3.2185707,3.2185707,,,,,,,,,,,,,,,,,,,,,,,,,,0.56885706,,,,,,,0.79596596,0.8837685,0.89877526,0.87111387,0.98378296,,,,,,,,,,,,,,,,,,,,,,,,,,,,,,,,,,,,,,,
249,0.00015287196,3.2529502,3.2529502,,,,,,,,,,,,,,,,,,,,,,,,,,0.57086292,,,,,,,0.77462945,0.86892351,0.8628825,0.87978022,0.98588546,2.9974947,2.9974947,,,,,,,,,,,,,,,,,,,,,,,,,,0.54099892,,,,,,,0.81572966,0.8898807,0.88497594,0.89965546,0.98703733
250,0.00015192322,3.1579421,3.1579421,,,,,,,,,,,,,,,,,,,,,,,,,,0.56019743,,,,,,,0.81786722,0.89744003,0.90275736,0.89412322,0.98499588,,,,,,,,,,,,,,,,,,,,,,,,,,,,,,,,,,,,,,,
251,0.00015097441,3.0866616,3.0866616,,,,,,,,,,,,,,,,,,,,,,,,,,0.54796698,,,,,,,0.82136472,0.89968414,0.89996109,0.90088547,0.98672342,,,,,,,,,,,,,,,,,,,,,,,,,,,,,,,,,,,,,,,
252,0.00015002559,3.1763449,3.1763449,,,,,,,,,,,,,,,,,,,,,,,,,,0.56661534,,,,,,,0.81168377,0.89428368,0.9011577,0.88827883,0.98613462,,,,,,,,,,,,,,,,,,,,,,,,,,,,,,,,,,,,,,,
253,0.00014907678,3.2098309,3.2098309,,,,,,,,,,,,,,,,,,,,,,,,,,0.56291328,,,,,,,0.79742928,0.88297961,0.89055989,0.87689647,0.98669625,,,,,,,,,,,,,,,,,,,,,,,,,,,,,,,,,,,,,,,
254,0.00014812804,3.2140064,3.2140064,,,,,,,,,,,,,,,,,,,,,,,,,,0.56845448,,,,,,,0.80833222,0.89191368,0.89638002,0.88870796,0.98651156,,,,,,,,,,,,,,,,,,,,,,,,,,,,,,,,,,,,,,,
255,0.00014717939,3.1071939,3.1071939,,,,,,,,,,,,,,,,,,,,,,,,,,0.55603137,,,,,,,0.83392502,0.90587236,0.91335331,0.89966063,0.98686446,,,,,,,,,,,,,,,,,,,,,,,,,,,,,,,,,,,,,,,
256,0.00014623087,3.2057363,3.2057363,,,,,,,,,,,,,,,,,,,,,,,,,,0.56047321,,,,,,,0.79591883,0.88152487,0.88626775,0.87876534,0.98791334,,,,,,,,,,,,,,,,,,,,,,,,,,,,,,,,,,,,,,,
257,0.00014528253,3.131835,3.131835,,,,,,,,,,,,,,,,,,,,,,,,,,0.562211,,,,,,,0.82719621,0.90355024,0.91282886,0.89599429,0.98651841,,,,,,,,,,,,,,,,,,,,,,,,,,,,,,,,,,,,,,,
258,0.00014433439,3.1359827,3.1359827,,,,,,,,,,,,,,,,,,,,,,,,,,0.56002927,,,,,,,0.82911625,0.90491553,0.89470443,0.91629759,0.98691068,,,,,,,,,,,,,,,,,,,,,,,,,,,,,,,,,,,,,,,
259,0.0001433865,3.1685722,3.1685722,,,,,,,,,,,,,,,,,,,,,,,,,,0.56018251,,,,,,,0.81364273,0.89442606,0.90618472,0.88505305,0.98526755,3.0109388,3.0109388,,,,,,,,,,,,,,,,,,,,,,,,,,0.5452087,,,,,,,0.81790863,0.89127429,0.88211097,0.90591055,0.98719594
260,0.0001424389,3.1190785,3.1190785,,,,,,,,,,,,,,,,,,,,,,,,,,0.55449665,,,,,,,0.81761821,0.89731823,0.90560819,0.89000571,0.9877372,,,,,,,,,,,,,,,,,,,,,,,,,,,,,,,,,,,,,,,
261,0.00014149163,3.1262452,3.1262452,,,,,,,,,,,,,,,,,,,,,,,,,,0.55794079,,,,,,,0.82217324,0.90029504,0.9095693,0.89212512,0.9853072,,,,,,,,,,,,,,,,,,,,,,,,,,,,,,,,,,,,,,,
262,0.00014054472,3.195928,3.195928,,,,,,,,,,,,,,,,,,,,,,,,,,0.56613732,,,,,,,0.80373768,0.88854017,0.89718528,0.88098119,0.98635591,,,,,,,,,,,,,,,,,,,,,,,,,,,,,,,,,,,,,,,
263,0.0001395982,3.1401821,3.1401821,,,,,,,,,,,,,,,,,,,,,,,,,,0.55751653,,,,,,,0.81762485,0.89484572,0.89843276,0.89242911,0.98718076,,,,,,,,,,,,,,,,,,,,,,,,,,,,,,,,,,,,,,,
264,0.00013865213,3.2409461,3.2409461,,,,,,,,,,,,,,,,,,,,,,,,,,0.5689087,,,,,,,0.78086255,0.87231655,0.8802473,0.86701124,0.985439,,,,,,,,,,,,,,,,,,,,,,,,,,,,,,,,,,,,,,,
265,0.00013770654,3.1924217,3.1924217,,,,,,,,,,,,,,,,,,,,,,,,,,0.56442299,,,,,,,0.80088195,0.8862666,0.89356648,0.88001953,0.98545704,,,,,,,,,,,,,,,,,,,,,,,,,,,,,,,,,,,,,,,
266,0.00013676146,3.1952807,3.1952807,,,,,,,,,,,,,,,,,,,,,,,,,,0.56314903,,,,,,,0.80567915,0.88820113,0.89779736,0.87977353,0.98835364,,,,,,,,,,,,,,,,,,,,,,,,,,,,,,,,,,,,,,,
267,0.00013581693,3.164513,3.164513,,,,,,,,,,,,,,,,,,,,,,,,,,0.56271321,,,,,,,0.81607791,0.89578662,0.89729051,0.89572016,0.98713559,,,,,,,,,,,,,,,,,,,,,,,,,,,,,,,,,,,,,,,
268,0.00013487299,3.1928952,3.1928952,,,,,,,,,,,,,,,,,,,,,,,,,,0.56456895,,,,,,,0.79641064,0.88129184,0.89545574,0.86968358,0.98583034,,,,,,,,,,,,,,,,,,,,,,,,,,,,,,,,,,,,,,,
269,0.00013392969,3.0296217,3.0296217,,,,,,,,,,,,,,,,,,,,,,,,,,0.54347146,,,,,,,0.83507342,0.90829977,0.91082788,0.90659128,0.9879295,2.9894467,2.9894467,,,,,,,,,,,,,,,,,,,,,,,,,,0.54005403,,,,,,,0.81518965,0.8897926,0.88673883,0.89784797,0.98702216
270,0.00013298705,3.1846115,3.1846115,,,,,,,,,,,,,,,,,,,,,,,,,,0.56349666,,,,,,,0.80251622,0.88573701,0.89872683,0.87578684,0.98668489,,,,,,,,,,,,,,,,,,,,,,,,,,,,,,,,,,,,,,,
271,0.00013204512,3.1444778,3.1444778,,,,,,,,,,,,,,,,,,,,,,,,,,0.55444389,,,,,,,0.80331057,0.8873107,0.89785824,0.8786334,0.98604034,,,,,,,,,,,,,,,,,,,,,,,,,,,,,,,,,,,,,,,
272,0.00013110393,3.1605188,3.1605188,,,,,,,,,,,,,,,,,,,,,,,,,,0.56435407,,,,,,,0.81880065,0.89788928,0.90337843,0.89382244,0.98643087,,,,,,,,,,,,,,,,,,,,,,,,,,,,,,,,,,,,,,,
273,0.00013016352,3.2353429,3.2353429,,,,,,,,,,,,,,,,,,,,,,,,,,0.57129415,,,,,,,0.79642961,0.88166966,0.89223621,0.87316389,0.98422479,,,,,,,,,,,,,,,,,,,,,,,,,,,,,,,,,,,,,,,
274,0.00012922393,3.2641576,3.2641576,,,,,,,,,,,,,,,,,,,,,,,,,,0.57154682,,,,,,,0.78365864,0.87592284,0.88271945,0.87107291,0.98402145,,,,,,,,,,,,,,,,,,,,,,,,,,,,,,,,,,,,,,,
275,0.0001282852,3.2472428,3.2472428,,,,,,,,,,,,,,,,,,,,,,,,,,0.56942369,,,,,,,0.78722524,0.87676014,0.88874457,0.86655745,0.98602618,,,,,,,,,,,,,,,,,,,,,,,,,,,,,,,,,,,,,,,
276,0.00012734736,3.1932788,3.1932788,,,,,,,,,,,,,,,,,,,,,,,,,,0.56338613,,,,,,,0.80931247,0.89141003,0.89117603,0.89301125,0.98619397,,,,,,,,,,,,,,,,,,,,,,,,,,,,,,,,,,,,,,,
277,0.00012641046,3.112325,3.112325,,,,,,,,,,,,,,,,,,,,,,,,,,0.55465506,,,,,,,0.81874989,0.89831868,0.91391993,0.88449224,0.9874954,,,,,,,,,,,,,,,,,,,,,,,,,,,,,,,,,,,,,,,
278,0.00012547452,3.147647,3.147647,,,,,,,,,,,,,,,,,,,,,,,,,,0.55950941,,,,,,,0.81092637,0.89309048,0.89176032,0.89550635,0.98710031,,,,,,,,,,,,,,,,,,,,,,,,,,,,,,,,,,,,,,,
279,0.0001245396,3.1074325,3.1074325,,,,,,,,,,,,,,,,,,,,,,,,,,0.55381728,,,,,,,0.81983095,0.89835477,0.91196655,0.88645268,0.98667584,3.0044193,3.0044193,,,,,,,,,,,,,,,,,,,,,,,,,,0.54129098,,,,,,,0.81783281,0.89111438,0.87770779,0.91130529,0.98708239
280,0.00012360572,3.1114822,3.1114822,,,,,,,,,,,,,,,,,,,,,,,,,,0.55104927,,,,,,,0.8133724,0.89460425,0.89237266,0.89778714,0.98848778,,,,,,,,,,,,,,,,,,,,,,,,,,,,,,,,,,,,,,,
281,0.00012267292,3.2432833,3.2432833,,,,,,,,,,,,,,,,,,,,,,,,,,0.57359743,,,,,,,0.79260141,0.88011557,0.88907757,0.87272186,0.98430934,,,,,,,,,,,,,,,,,,,,,,,,,,,,,,,,,,,,,,,
282,0.00012174124,3.1960877,3.1960877,,,,,,,,,,,,,,,,,,,,,,,,,,0.56718401,,,,,,,0.80815352,0.889959,0.89761283,0.88342225,0.98599075,,,,,,,,,,,,,,,,,,,,,,,,,,,,,,,,,,,,,,,
283,0.00012081073,3.1186388,3.1186388,,,,,,,,,,,,,,,,,,,,,,,,,,0.55398579,,,,,,,0.81732013,0.89537095,0.89524911,0.89799358,0.98610065,,,,,,,,,,,,,,,,,,,,,,,,,,,,,,,,,,,,,,,
284,0.0001198814,3.0863039,3.0863039,,,,,,,,,,,,,,,,,,,,,,,,,,0.54984751,,,,,,,0.81374016,0.89529093,0.90652108,0.88591259,0.98720751,,,,,,,,,,,,,,,,,,,,,,,,,,,,,,,,,,,,,,,
285,0.00011895331,3.1769992,3.1769992,,,,,,,,,,,,,,,,,,,,,,,,,,0.56205998,,,,,,,0.80787773,0.89015165,0.89156761,0.89180616,0.98431807,,,,,,,,,,,,,,,,,,,,,,,,,,,,,,,,,,,,,,,
286,0.0001180265,3.1947444,3.1947444,,,,,,,,,,,,,,,,,,,,,,,,,,0.5624441,,,,,,,0.7934019,0.88088324,0.8898685,0.87346167,0.98414269,,,,,,,,,,,,,,,,,,,,,,,,,,,,,,,,,,,,,,,
287,0.00011710099,3.2286077,3.2286077,,,,,,,,,,,,,,,,,,,,,,,,,,0.56828125,,,,,,,0.79920226,0.88533879,0.88872155,0.88272598,0.9857409,,,,,,,,,,,,,,,,,,,,,,,,,,,,,,,,,,,,,,,
288,0.00011617682,3.1311484,3.1311484,,,,,,,,,,,,,,,,,,,,,,,,,,0.55867722,,,,,,,0.82466872,0.89963198,0.90053614,0.89985307,0.98667117,,,,,,,,,,,,,,,,,,,,,,,,,,,,,,,,,,,,,,,
289,0.00011525404,3.1551216,3.1551216,,,,,,,,,,,,,,,,,,,,,,,,,,0.559268,,,,,,,0.80058002,0.88597345,0.90407669,0.87050383,0.98829266,3.0751941,3.0751941,,,,,,,,,,,,,,,,,,,,,,,,,,0.55718163,,,,,,,0.81850581,0.89127589,0.87005683,0.92062929,0.98698524
290,0.00011433268,3.2092039,3.2092039,,,,,,,,,,,,,,,,,,,,,,,,,,0.56700233,,,,,,,0.79346776,0.8819812,0.8839857,0.88144064,0.98643518,,,,,,,,,,,,,,,,,,,,,,,,,,,,,,,,,,,,,,,
291,0.00011341277,3.1263971,3.1263971,,,,,,,,,,,,,,,,,,,,,,,,,,0.55449157,,,,,,,0.81191047,0.8934726,0.90188859,0.88593202,0.98663832,,,,,,,,,,,,,,,,,,,,,,,,,,,,,,,,,,,,,,,
292,0.00011249436,3.1134505,3.1134505,,,,,,,,,,,,,,,,,,,,,,,,,,0.55371669,,,,,,,0.8175298,0.89755786,0.89586797,0.90039142,0.98830833,,,,,,,,,,,,,,,,,,,,,,,,,,,,,,,,,,,,,,,
293,0.00011157748,3.0194982,3.0194982,,,,,,,,,,,,,,,,,,,,,,,,,,0.54248038,,,,,,,0.84212903,0.91269823,0.92785262,0.89869587,0.98809094,,,,,,,,,,,,,,,,,,,,,,,,,,,,,,,,,,,,,,,
294,0.00011066216,3.1532614,3.1532614,,,,,,,,,,,,,,,,,,,,,,,,,,0.5588037,,,,,,,0.81065471,0.89242233,0.89879567,0.88738705,0.98684434,,,,,,,,,,,,,,,,,,,,,,,,,,,,,,,,,,,,,,,
295,0.00010974846,3.2397067,3.2397067,,,,,,,,,,,,,,,,,,,,,,,,,,0.57426626,,,,,,,0.79956212,0.88292461,0.894277,0.87319298,0.98629022,,,,,,,,,,,,,,,,,,,,,,,,,,,,,,,,,,,,,,,
296,0.00010883639,3.1943496,3.1943496,,,,,,,,,,,,,,,,,,,,,,,,,,0.56601819,,,,,,,0.80748844,0.89132286,0.88049961,0.90408975,0.98439078,,,,,,,,,,,,,,,,,,,,,,,,,,,,,,,,,,,,,,,
297,0.000107926,3.1334614,3.1334614,,,,,,,,,,,,,,,,,,,,,,,,,,0.55826904,,,,,,,0.80534872,0.88901605,0.90756269,0.87373513,0.98787305,,,,,,,,,,,,,,,,,,,,,,,,,,,,,,,,,,,,,,,
298,0.00010701733,3.2128488,3.2128488,,,,,,,,,,,,,,,,,,,,,,,,,,0.56706797,,,,,,,0.78943426,0.87877511,0.89588555,0.86397651,0.98586891,,,,,,,,,,,,,,,,,,,,,,,,,,,,,,,,,,,,,,,
299,0.0001061104,3.2034218,3.2034218,,,,,,,,,,,,,,,,,,,,,,,,,,0.56551374,,,,,,,0.79717454,0.88397737,0.90084314,0.86908404,0.98662073,3.0105001,3.0105001,,,,,,,,,,,,,,,,,,,,,,,,,,0.54388751,,,,,,,0.81791957,0.89105921,0.8759411,0.9133581,0.9870857
300,0.00010520527,3.2040911,3.2040911,,,,,,,,,,,,,,,,,,,,,,,,,,0.56391799,,,,,,,0.80440863,0.88602771,0.87551368,0.89953764,0.98652113,,,,,,,,,,,,,,,,,,,,,,,,,,,,,,,,,,,,,,,
301,0.00010430196,3.1958486,3.1958486,,,,,,,,,,,,,,,,,,,,,,,,,,0.56089679,,,,,,,0.79270042,0.88032063,0.88180644,0.88172242,0.98655062,,,,,,,,,,,,,,,,,,,,,,,,,,,,,,,,,,,,,,,
302,0.00010340051,3.1278499,3.1278499,,,,,,,,,,,,,,,,,,,,,,,,,,0.5540857,,,,,,,0.80806767,0.89100864,0.89423661,0.88873342,0.98691277,,,,,,,,,,,,,,,,,,,,,,,,,,,,,,,,,,,,,,,
303,0.00010250096,3.1120376,3.1120376,,,,,,,,,,,,,,,,,,,,,,,,,,0.55601786,,,,,,,0.81797454,0.89821508,0.9131031,0.88493752,0.9862114,,,,,,,,,,,,,,,,,,,,,,,,,,,,,,,,,,,,,,,
304,0.00010160334,3.1445453,3.1445453,,,,,,,,,,,,,,,,,,,,,,,,,,0.55743364,,,,,,,0.81525457,0.89428374,0.89502498,0.89498925,0.98744367,,,,,,,,,,,,,,,,,,,,,,,,,,,,,,,,,,,,,,,
305,0.00010070769,3.1678519,3.1678519,,,,,,,,,,,,,,,,,,,,,,,,,,0.56141011,,,,,,,0.8122477,0.89412788,0.90022514,0.88947066,0.98647726,,,,,,,,,,,,,,,,,,,,,,,,,,,,,,,,,,,,,,,
306,9.9814047e-05,3.1628927,3.1628927,,,,,,,,,,,,,,,,,,,,,,,,,,0.55949054,,,,,,,0.80321928,0.88859914,0.89439313,0.88536487,0.98573938,,,,,,,,,,,,,,,,,,,,,,,,,,,,,,,,,,,,,,,
307,9.8922445e-05,3.1701854,3.1701854,,,,,,,,,,,,,,,,,,,,,,,,,,0.56219865,,,,,,,0.80008698,0.88528899,0.90153387,0.87125146,0.98657713,,,,,,,,,,,,,,,,,,,,,,,,,,,,,,,,,,,,,,,
308,9.8032921e-05,3.2334674,3.2334674,,,,,,,,,,,,,,,,,,,,,,,,,,0.57027461,,,,,,,0.7924329,0.88159221,0.891541,0.87336603,0.98671238,,,,,,,,,,,,,,,,,,,,,,,,,,,,,,,,,,,,,,,
309,9.714551e-05,3.1127497,3.1127497,,,,,,,,,,,,,,,,,,,,,,,,,,0.55475596,,,,,,,0.81981862,0.89932946,0.90736168,0.89215223,0.9869807,3.0223847,3.0223847,,,,,,,,,,,,,,,,,,,,,,,,,,0.54591098,,,,,,,0.81755401,0.89071311,0.87473576,0.91371655,0.98707244
310,9.6260248e-05,3.1385205,3.1385205,,,,,,,,,,,,,,,,,,,,,,,,,,0.55865872,,,,,,,0.82277438,0.90046613,0.90419309,0.8973421,0.98789497,,,,,,,,,,,,,,,,,,,,,,,,,,,,,,,,,,,,,,,
311,9.5377171e-05,3.1368354,3.1368354,,,,,,,,,,,,,,,,,,,,,,,,,,0.5544774,,,,,,,0.81140828,0.8930646,0.89870545,0.88879767,0.98745392,,,,,,,,,,,,,,,,,,,,,,,,,,,,,,,,,,,,,,,
312,9.4496314e-05,3.1486668,3.1486668,,,,,,,,,,,,,,,,,,,,,,,,,,0.55603083,,,,,,,0.80250094,0.88662564,0.88587989,0.88865102,0.98679993,,,,,,,,,,,,,,,,,,,,,,,,,,,,,,,,,,,,,,,
313,9.3617713e-05,3.1581391,3.1581391,,,,,,,,,,,,,,,,,,,,,,,,,,0.55594536,,,,,,,0.79151419,0.88098886,0.88522312,0.87886826,0.98643414,,,,,,,,,,,,,,,,,,,,,,,,,,,,,,,,,,,,,,,
314,9.2741404e-05,3.1166004,3.1166004,,,,,,,,,,,,,,,,,,,,,,,,,,0.55800162,,,,,,,0.81978481,0.89808234,0.89926999,0.89790247,0.98684181,,,,,,,,,,,,,,,,,,,,,,,,,,,,,,,,,,,,,,,
315,9.1867421e-05,3.1045952,3.1045952,,,,,,,,,,,,,,,,,,,,,,,,,,0.5540709,,,,,,,0.82261781,0.90062831,0.90561692,0.89689514,0.98705635,,,,,,,,,,,,,,,,,,,,,,,,,,,,,,,,,,,,,,,
316,9.0995799e-05,3.1267831,3.1267831,,,,,,,,,,,,,,,,,,,,,,,,,,0.55842286,,,,,,,0.8288212,0.90450787,0.90561802,0.9046758,0.98646092,,,,,,,,,,,,,,,,,,,,,,,,,,,,,,,,,,,,,,,
317,9.0126574e-05,3.1370994,3.1370994,,,,,,,,,,,,,,,,,,,,,,,,,,0.55575837,,,,,,,0.80313671,0.88637479,0.89488607,0.87863839,0.98808002,,,,,,,,,,,,,,,,,,,,,,,,,,,,,,,,,,,,,,,
318,8.9259782e-05,3.1723797,3.1723797,,,,,,,,,,,,,,,,,,,,,,,,,,0.56003118,,,,,,,0.80506534,0.88905792,0.90355078,0.87601754,0.98631043,,,,,,,,,,,,,,,,,,,,,,,,,,,,,,,,,,,,,,,
319,8.8395456e-05,3.0990073,3.0990073,,,,,,,,,,,,,,,,,,,,,,,,,,0.55193348,,,,,,,0.81837309,0.89680942,0.90391391,0.89118339,0.98729913,3.0346432,3.0346432,,,,,,,,,,,,,,,,,,,,,,,,,,0.55020483,,,,,,,0.81591146,0.88999642,0.8844701,0.90131648,0.98708567
320,8.7533631e-05,3.0579245,3.0579245,,,,,,,,,,,,,,,,,,,,,,,,,,0.54705459,,,,,,,0.819879,0.8994293,0.91488429,0.88548773,0.98666582,,,,,,,,,,,,,,,,,,,,,,,,,,,,,,,,,,,,,,,
321,8.6674343e-05,3.1902586,3.1902586,,,,,,,,,,,,,,,,,,,,,,,,,,0.56453699,,,,,,,0.80885421,0.89192411,0.89392009,0.891225,0.98540982,,,,,,,,,,,,,,,,,,,,,,,,,,,,,,,,,,,,,,,
322,8.5817625e-05,3.1200648,3.1200648,,,,,,,,,,,,,,,,,,,,,,,,,,0.55797894,,,,,,,0.82210036,0.89964076,0.91166981,0.88994992,0.98648387,,,,,,,,,,,,,,,,,,,,,,,,,,,,,,,,,,,,,,,
323,8.4963514e-05,3.1956144,3.1956144,,,,,,,,,,,,,,,,,,,,,,,,,,0.57038035,,,,,,,0.8116453,0.89387287,0.89568058,0.89285553,0.9857039,,,,,,,,,,,,,,,,,,,,,,,,,,,,,,,,,,,,,,,
324,8.4112041e-05,3.209053,3.209053,,,,,,,,,,,,,,,,,,,,,,,,,,0.56072013,,,,,,,0.78742102,0.87718267,0.8812488,0.87422843,0.98694269,,,,,,,,,,,,,,,,,,,,,,,,,,,,,,,,,,,,,,,
325,8.3263243e-05,3.1704325,3.1704325,,,,,,,,,,,,,,,,,,,,,,,,,,0.56222881,,,,,,,0.8086538,0.89221389,0.90206101,0.8838703,0.98778827,,,,,,,,,,,,,,,,,,,,,,,,,,,,,,,,,,,,,,,
326,8.2417154e-05,3.0981974,3.0981974,,,,,,,,,,,,,,,,,,,,,,,,,,0.55291064,,,,,,,0.82725291,0.90265686,0.90880356,0.89786685,0.98755906,,,,,,,,,,,,,,,,,,,,,,,,,,,,,,,,,,,,,,,
327,8.1573806e-05,3.1628299,3.1628299,,,,,,,,,,,,,,,,,,,,,,,,,,0.55857259,,,,,,,0.80019814,0.88485343,0.88618691,0.88466707,0.98711441,,,,,,,,,,,,,,,,,,,,,,,,,,,,,,,,,,,,,,,
328,8.0733235e-05,3.1409974,3.1409974,,,,,,,,,,,,,,,,,,,,,,,,,,0.5591647,,,,,,,0.81086818,0.89355321,0.8983974,0.89010128,0.9859223,,,,,,,,,,,,,,,,,,,,,,,,,,,,,,,,,,,,,,,
329,7.9895474e-05,3.1612588,3.1612588,,,,,,,,,,,,,,,,,,,,,,,,,,0.56287124,,,,,,,0.81454121,0.89536287,0.89832251,0.89345761,0.98509984,3.0154766,3.0154766,,,,,,,,,,,,,,,,,,,,,,,,,,0.54464471,,,,,,,0.81808862,0.89116755,0.87814119,0.91088557,0.98715709
330,7.9060557e-05,3.1205091,3.1205091,,,,,,,,,,,,,,,,,,,,,,,,,,0.55718743,,,,,,,0.82430366,0.90180957,0.9073791,0.89725629,0.98698134,,,,,,,,,,,,,,,,,,,,,,,,,,,,,,,,,,,,,,,
331,7.8228518e-05,3.2337913,3.2337913,,,,,,,,,,,,,,,,,,,,,,,,,,0.57006215,,,,,,,0.78703365,0.8760342,0.87924539,0.87396277,0.98589238,,,,,,,,,,,,,,,,,,,,,,,,,,,,,,,,,,,,,,,
332,7.739939e-05,3.222387,3.222387,,,,,,,,,,,,,,,,,,,,,,,,,,0.56388942,,,,,,,0.79316054,0.88189277,0.88350091,0.88258132,0.98516097,,,,,,,,,,,,,,,,,,,,,,,,,,,,,,,,,,,,,,,
333,7.6573206e-05,3.0773591,3.0773591,,,,,,,,,,,,,,,,,,,,,,,,,,0.5506262,,,,,,,0.82899378,0.90515069,0.90970093,0.90139911,0.9871063,,,,,,,,,,,,,,,,,,,,,,,,,,,,,,,,,,,,,,,
334,7.575e-05,3.1209351,3.1209351,,,,,,,,,,,,,,,,,,,,,,,,,,0.55569445,,,,,,,0.81848696,0.89714692,0.90700275,0.88857723,0.98619498,,,,,,,,,,,,,,,,,,,,,,,,,,,,,,,,,,,,,,,
335,7.4929805e-05,3.1788009,3.1788009,,,,,,,,,,,,,,,,,,,,,,,,,,0.56089501,,,,,,,0.7977204,0.88510117,0.89396501,0.87760859,0.98640516,,,,,,,,,,,,,,,,,,,,,,,,,,,,,,,,,,,,,,,
336,7.4112654e-05,3.1956512,3.1956512,,,,,,,,,,,,,,,,,,,,,,,,,,0.56578696,,,,,,,0.8107094,0.89366856,0.89165747,0.89686365,0.9853598,,,,,,,,,,,,,,,,,,,,,,,,,,,,,,,,,,,,,,,
337,7.3298579e-05,3.2426994,3.2426994,,,,,,,,,,,,,,,,,,,,,,,,,,0.57526259,,,,,,,0.79783008,0.88438004,0.88603129,0.88375854,0.98526995,,,,,,,,,,,,,,,,,,,,,,,,,,,,,,,,,,,,,,,
338,7.2487615e-05,3.1636375,3.1636375,,,,,,,,,,,,,,,,,,,,,,,,,,0.55583075,,,,,,,0.79736427,0.88258738,0.8926943,0.87384681,0.98691982,,,,,,,,,,,,,,,,,,,,,,,,,,,,,,,,,,,,,,,
339,7.1679793e-05,3.1497359,3.1497359,,,,,,,,,,,,,,,,,,,,,,,,,,0.55862846,,,,,,,0.80202705,0.88728452,0.89574835,0.88043416,0.98506432,3.0409586,3.0409586,,,,,,,,,,,,,,,,,,,,,,,,,,0.55131254,,,,,,,0.81808019,0.89117483,0.88096524,0.90758302,0.9871611
340,7.0875145e-05,3.1280908,3.1280908,,,,,,,,,,,,,,,,,,,,,,,,,,0.55247542,,,,,,,0.80432246,0.88680067,0.89818886,0.87647505,0.98777668,,,,,,,,,,,,,,,,,,,,,,,,,,,,,,,,,,,,,,,
341,7.0073705e-05,3.158132,3.158132,,,,,,,,,,,,,,,,,,,,,,,,,,0.55853098,,,,,,,0.80273941,0.88862601,0.89649063,0.88253435,0.98629704,,,,,,,,,,,,,,,,,,,,,,,,,,,,,,,,,,,,,,,
342,6.9275504e-05,3.1756603,3.1756603,,,,,,,,,,,,,,,,,,,,,,,,,,0.56077605,,,,,,,0.8025238,0.88705893,0.89253928,0.8831084,0.98592688,,,,,,,,,,,,,,,,,,,,,,,,,,,,,,,,,,,,,,,
343,6.8480576e-05,3.1596969,3.1596969,,,,,,,,,,,,,,,,,,,,,,,,,,0.56013863,,,,,,,0.81245292,0.89485579,0.89552775,0.89612526,0.98484142,,,,,,,,,,,,,,,,,,,,,,,,,,,,,,,,,,,,,,,
344,6.768895e-05,3.2117841,3.2117841,,,,,,,,,,,,,,,,,,,,,,,,,,0.56708711,,,,,,,0.79619133,0.87778121,0.8797669,0.87730131,0.98599919,,,,,,,,,,,,,,,,,,,,,,,,,,,,,,,,,,,,,,,
345,6.6900661e-05,3.176969,3.176969,,,,,,,,,,,,,,,,,,,,,,,,,,0.56105395,,,,,,,0.80433627,0.88871968,0.8960182,0.8836692,0.98529271,,,,,,,,,,,,,,,,,,,,,,,,,,,,,,,,,,,,,,,
346,6.6115739e-05,3.1991361,3.1991361,,,,,,,,,,,,,,,,,,,,,,,,,,0.56269906,,,,,,,0.79693271,0.88157517,0.8861824,0.8786382,0.98697011,,,,,,,,,,,,,,,,,,,,,,,,,,,,,,,,,,,,,,,
347,6.5334216e-05,3.1379319,3.1379319,,,,,,,,,,,,,,,,,,,,,,,,,,0.55754463,,,,,,,0.81199009,0.89265807,0.90041616,0.88584001,0.98702333,,,,,,,,,,,,,,,,,,,,,,,,,,,,,,,,,,,,,,,
348,6.4556123e-05,3.118187,3.118187,,,,,,,,,,,,,,,,,,,,,,,,,,0.5560777,,,,,,,0.82302701,0.89845052,0.90091262,0.89687214,0.98766345,,,,,,,,,,,,,,,,,,,,,,,,,,,,,,,,,,,,,,,
349,6.3781492e-05,3.1275381,3.1275381,,,,,,,,,,,,,,,,,,,,,,,,,,0.55122451,,,,,,,0.79522244,0.8812366,0.89085306,0.87402513,0.98667897,3.0261723,3.0261723,,,,,,,,,,,,,,,,,,,,,,,,,,0.54734513,,,,,,,0.81677058,0.89037267,0.88204992,0.90480894,0.98710069
350,6.3010354e-05,3.1418657,3.1418657,,,,,,,,,,,,,,,,,,,,,,,,,,0.55540636,,,,,,,0.78826214,0.87925003,0.89725864,0.8634884,0.98698406,,,,,,,,,,,,,,,,,,,,,,,,,,,,,,,,,,,,,,,
351,6.224274e-05,3.1718879,3.1718879,,,,,,,,,,,,,,,,,,,,,,,,,,0.56153609,,,,,,,0.80637654,0.89073672,0.8899214,0.89311354,0.98609287,,,,,,,,,,,,,,,,,,,,,,,,,,,,,,,,,,,,,,,
352,6.1478681e-05,3.1670131,3.1670131,,,,,,,,,,,,,,,,,,,,,,,,,,0.55841107,,,,,,,0.8075946,0.89145868,0.8995047,0.8848793,0.98729911,,,,,,,,,,,,,,,,,,,,,,,,,,,,,,,,,,,,,,,
353,6.0718208e-05,3.1326809,3.1326809,,,,,,,,,,,,,,,,,,,,,,,,,,0.55612406,,,,,,,0.81387161,0.89426399,0.89788803,0.89200645,0.98574904,,,,,,,,,,,,,,,,,,,,,,,,,,,,,,,,,,,,,,,
354,5.9961352e-05,3.154236,3.154236,,,,,,,,,,,,,,,,,,,,,,,,,,0.56128306,,,,,,,0.80984997,0.89296213,0.89968609,0.8876334,0.98668686,,,,,,,,,,,,,,,,,,,,,,,,,,,,,,,,,,,,,,,
355,5.9208142e-05,3.2163663,3.2163663,,,,,,,,,,,,,,,,,,,,,,,,,,0.56622829,,,,,,,0.79900042,0.88442981,0.89261646,0.87730131,0.98521115,,,,,,,,,,,,,,,,,,,,,,,,,,,,,,,,,,,,,,,
356,5.8458609e-05,3.1157632,3.1157632,,,,,,,,,,,,,,,,,,,,,,,,,,0.55358274,,,,,,,0.81187304,0.88865468,0.89308626,0.88535628,0.98670476,,,,,,,,,,,,,,,,,,,,,,,,,,,,,,,,,,,,,,,
357,5.7712784e-05,3.1529049,3.1529049,,,,,,,,,,,,,,,,,,,,,,,,,,0.56319455,,,,,,,0.82006462,0.89931946,0.90156738,0.89772312,0.98566859,,,,,,,,,,,,,,,,,,,,,,,,,,,,,,,,,,,,,,,
358,5.6970697e-05,3.1650093,3.1650093,,,,,,,,,,,,,,,,,,,,,,,,,,0.55780135,,,,,,,0.80486816,0.88807853,0.89348727,0.88417025,0.98603664,,,,,,,,,,,,,,,,,,,,,,,,,,,,,,,,,,,,,,,
359,5.6232376e-05,3.1802808,3.1802808,,,,,,,,,,,,,,,,,,,,,,,,,,0.56320787,,,,,,,0.80694359,0.8902344,0.89868878,0.88312959,0.98700806,3.0419348,3.0419348,,,,,,,,,,,,,,,,,,,,,,,,,,0.55160753,,,,,,,0.81932465,0.89199838,0.87836997,0.91197129,0.98724285
360,5.5497853e-05,3.2090273,3.2090273,,,,,,,,,,,,,,,,,,,,,,,,,,0.56683757,,,,,,,0.79098488,0.87985616,0.88681222,0.8741446,0.9855003,,,,,,,,,,,,,,,,,,,,,,,,,,,,,,,,,,,,,,,
361,5.4767156e-05,3.2106591,3.2106591,,,,,,,,,,,,,,,,,,,,,,,,,,0.56800797,,,,,,,0.80473718,0.88779512,0.89394086,0.88299021,0.98548822,,,,,,,,,,,,,,,,,,,,,,,,,,,,,,,,,,,,,,,
362,5.4040316e-05,3.172275,3.172275,,,,,,,,,,,,,,,,,,,,,,,,,,0.56222942,,,,,,,0.80361082,0.88832279,0.89552179,0.88211695,0.98712269,,,,,,,,,,,,,,,,,,,,,,,,,,,,,,,,,,,,,,,
363,5.3317361e-05,3.1224196,3.1224196,,,,,,,,,,,,,,,,,,,,,,,,,,0.55485668,,,,,,,0.81870393,0.89671698,0.90062996,0.89398877,0.98657764,,,,,,,,,,,,,,,,,,,,,,,,,,,,,,,,,,,,,,,
364,5.259832e-05,3.2110557,3.2110557,,,,,,,,,,,,,,,,,,,,,,,,,,0.56629212,,,,,,,0.79454274,0.88138484,0.8848781,0.87910727,0.98632239,,,,,,,,,,,,,,,,,,,,,,,,,,,,,,,,,,,,,,,
365,5.1883223e-05,3.0692299,3.0692299,,,,,,,,,,,,,,,,,,,,,,,,,,0.54733048,,,,,,,0.82956688,0.90319746,0.90924414,0.8985515,0.98684762,,,,,,,,,,,,,,,,,,,,,,,,,,,,,,,,,,,,,,,
366,5.1172098e-05,3.0951051,3.0951051,,,,,,,,,,,,,,,,,,,,,,,,,,0.54952211,,,,,,,0.81292014,0.8947288,0.90583075,0.88519299,0.98708697,,,,,,,,,,,,,,,,,,,,,,,,,,,,,,,,,,,,,,,
367,5.0464974e-05,3.1255196,3.1255196,,,,,,,,,,,,,,,,,,,,,,,,,,0.55389854,,,,,,,0.80636188,0.88833113,0.89210249,0.88655006,0.98635421,,,,,,,,,,,,,,,,,,,,,,,,,,,,,,,,,,,,,,,
368,4.976188e-05,3.1314514,3.1314514,,,,,,,,,,,,,,,,,,,,,,,,,,0.5528094,,,,,,,0.80157294,0.8858625,0.89006878,0.88284484,0.98622143,,,,,,,,,,,,,,,,,,,,,,,,,,,,,,,,,,,,,,,
369,4.9062843e-05,3.140866,3.140866,,,,,,,,,,,,,,,,,,,,,,,,,,0.55658257,,,,,,,0.80737582,0.89040415,0.89980264,0.8826433,0.98595088,3.026027,3.026027,,,,,,,,,,,,,,,,,,,,,,,,,,0.54745996,,,,,,,0.81761516,0.8908785,0.87985637,0.90822536,0.98712511
370,4.8367892e-05,3.1070275,3.1070275,,,,,,,,,,,,,,,,,,,,,,,,,,0.55199365,,,,,,,0.81837868,0.89882809,0.901868,0.89648836,0.98737782,,,,,,,,,,,,,,,,,,,,,,,,,,,,,,,,,,,,,,,
371,4.7677055e-05,3.0726132,3.0726132,,,,,,,,,,,,,,,,,,,,,,,,,,0.54910913,,,,,,,0.82740834,0.90322537,0.9076249,0.8995022,0.98796803,,,,,,,,,,,,,,,,,,,,,,,,,,,,,,,,,,,,,,,
372,4.699036e-05,3.1463009,3.1463009,,,,,,,,,,,,,,,,,,,,,,,,,,0.55827929,,,,,,,0.8106148,0.89307555,0.89497589,0.89237554,0.98543953,,,,,,,,,,,,,,,,,,,,,,,,,,,,,,,,,,,,,,,
373,4.6307833e-05,3.1301066,3.1301066,,,,,,,,,,,,,,,,,,,,,,,,,,0.55153211,,,,,,,0.80456224,0.88816477,0.89430568,0.88316237,0.98729551,,,,,,,,,,,,,,,,,,,,,,,,,,,,,,,,,,,,,,,
374,4.5629504e-05,3.229851,3.229851,,,,,,,,,,,,,,,,,,,,,,,,,,0.56878228,,,,,,,0.79536371,0.88284442,0.88943165,0.87784955,0.98611251,,,,,,,,,,,,,,,,,,,,,,,,,,,,,,,,,,,,,,,
375,4.4955399e-05,3.0844299,3.0844299,,,,,,,,,,,,,,,,,,,,,,,,,,0.55168658,,,,,,,0.82749769,0.90190312,0.90708177,0.89775669,0.98685688,,,,,,,,,,,,,,,,,,,,,,,,,,,,,,,,,,,,,,,
376,4.4285546e-05,3.1293478,3.1293478,,,,,,,,,,,,,,,,,,,,,,,,,,0.55784273,,,,,,,0.82143837,0.8998157,0.89798046,0.90325414,0.98609335,,,,,,,,,,,,,,,,,,,,,,,,,,,,,,,,,,,,,,,
377,4.361997e-05,3.2074589,3.2074589,,,,,,,,,,,,,,,,,,,,,,,,,,0.56583246,,,,,,,0.79954299,0.88526971,0.88542355,0.88668026,0.98648359,,,,,,,,,,,,,,,,,,,,,,,,,,,,,,,,,,,,,,,
378,4.29587e-05,3.128058,3.128058,,,,,,,,,,,,,,,,,,,,,,,,,,0.55483945,,,,,,,0.81221867,0.89353619,0.90765939,0.88064938,0.98710979,,,,,,,,,,,,,,,,,,,,,,,,,,,,,,,,,,,,,,,
379,4.2301761e-05,3.1207821,3.1207821,,,,,,,,,,,,,,,,,,,,,,,,,,0.55696861,,,,,,,0.81522846,0.89575726,0.90115883,0.89146171,0.98690897,3.0489032,3.0489032,,,,,,,,,,,,,,,,,,,,,,,,,,0.55274301,,,,,,,0.81917368,0.89178325,0.87481966,0.91618419,0.98721825
380,4.1649181e-05,3.0838957,3.0838957,,,,,,,,,,,,,,,,,,,,,,,,,,0.54606603,,,,,,,0.81401082,0.89454048,0.89979595,0.88993019,0.98840382,,,,,,,,,,,,,,,,,,,,,,,,,,,,,,,,,,,,,,,
381,4.1000985e-05,3.0689122,3.0689122,,,,,,,,,,,,,,,,,,,,,,,,,,0.54936621,,,,,,,0.8323756,0.90661313,0.91878981,0.89550699,0.9867133,,,,,,,,,,,,,,,,,,,,,,,,,,,,,,,,,,,,,,,
382,4.03572e-05,3.0466303,3.0466303,,,,,,,,,,,,,,,,,,,,,,,,,,0.54514966,,,,,,,0.82661161,0.90308466,0.90644177,0.90067393,0.98910924,,,,,,,,,,,,,,,,,,,,,,,,,,,,,,,,,,,,,,,
383,3.9717851e-05,3.1820215,3.1820215,,,,,,,,,,,,,,,,,,,,,,,,,,0.56379191,,,,,,,0.81069065,0.89228778,0.89787771,0.8877038,0.98648481,,,,,,,,,,,,,,,,,,,,,,,,,,,,,,,,,,,,,,,
384,3.9082965e-05,3.1943424,3.1943424,,,,,,,,,,,,,,,,,,,,,,,,,,0.56193128,,,,,,,0.80212553,0.88686871,0.89667327,0.87843724,0.98641125,,,,,,,,,,,,,,,,,,,,,,,,,,,,,,,,,,,,,,,
385,3.8452566e-05,3.1527503,3.1527503,,,,,,,,,,,,,,,,,,,,,,,,,,0.55751261,,,,,,,0.80150852,0.88695668,0.8966794,0.87856767,0.98648335,,,,,,,,,,,,,,,,,,,,,,,,,,,,,,,,,,,,,,,
386,3.7826681e-05,3.0787378,3.0787378,,,,,,,,,,,,,,,,,,,,,,,,,,0.54749131,,,,,,,0.82300968,0.89892846,0.9037857,0.8949206,0.98749487,,,,,,,,,,,,,,,,,,,,,,,,,,,,,,,,,,,,,,,
387,3.7205334e-05,3.1038738,3.1038738,,,,,,,,,,,,,,,,,,,,,,,,,,0.54904353,,,,,,,0.8025353,0.88634836,0.89349661,0.88039102,0.98778886,,,,,,,,,,,,,,,,,,,,,,,,,,,,,,,,,,,,,,,
388,3.6588551e-05,3.1322286,3.1322286,,,,,,,,,,,,,,,,,,,,,,,,,,0.5557235,,,,,,,0.80692499,0.88999433,0.89515849,0.88585928,0.98748399,,,,,,,,,,,,,,,,,,,,,,,,,,,,,,,,,,,,,,,
389,3.5976356e-05,3.1414257,3.1414257,,,,,,,,,,,,,,,,,,,,,,,,,,0.55670941,,,,,,,0.80991198,0.89240272,0.89256809,0.89337865,0.98720948,3.0211653,3.0211653,,,,,,,,,,,,,,,,,,,,,,,,,,0.54656361,,,,,,,0.81820691,0.891227,0.87763904,0.91134951,0.98716807
390,3.5368774e-05,3.1606618,3.1606618,,,,,,,,,,,,,,,,,,,,,,,,,,0.55357715,,,,,,,0.78800249,0.87771775,0.88695922,0.86999118,0.98784676,,,,,,,,,,,,,,,,,,,,,,,,,,,,,,,,,,,,,,,
391,3.4765829e-05,3.2101016,3.2101016,,,,,,,,,,,,,,,,,,,,,,,,,,0.56665743,,,,,,,0.79057649,0.87899372,0.88597157,0.87334907,0.98591083,,,,,,,,,,,,,,,,,,,,,,,,,,,,,,,,,,,,,,,
392,3.4167546e-05,3.1224188,3.1224188,,,,,,,,,,,,,,,,,,,,,,,,,,0.55831395,,,,,,,0.82693587,0.90371023,0.91032494,0.89805304,0.98672187,,,,,,,,,,,,,,,,,,,,,,,,,,,,,,,,,,,,,,,
393,3.3573949e-05,3.0823417,3.0823417,,,,,,,,,,,,,,,,,,,,,,,,,,0.5487999,,,,,,,0.81136153,0.89250657,0.9045626,0.88186614,0.98649428,,,,,,,,,,,,,,,,,,,,,,,,,,,,,,,,,,,,,,,
394,3.2985062e-05,3.0598479,3.0598479,,,,,,,,,,,,,,,,,,,,,,,,,,0.54673837,,,,,,,0.82401732,0.90049107,0.91134958,0.89124347,0.98836973,,,,,,,,,,,,,,,,,,,,,,,,,,,,,,,,,,,,,,,
395,3.2400909e-05,3.0953679,3.0953679,,,,,,,,,,,,,,,,,,,,,,,,,,0.54949076,,,,,,,0.81780445,0.89511511,0.90147047,0.88988272,0.9864108,,,,,,,,,,,,,,,,,,,,,,,,,,,,,,,,,,,,,,,
396,3.1821512e-05,3.1515226,3.1515226,,,,,,,,,,,,,,,,,,,,,,,,,,0.55782661,,,,,,,0.79974908,0.88367196,0.8853307,0.88361925,0.98499972,,,,,,,,,,,,,,,,,,,,,,,,,,,,,,,,,,,,,,,
397,3.1246896e-05,3.1500415,3.1500415,,,,,,,,,,,,,,,,,,,,,,,,,,0.55599992,,,,,,,0.79609097,0.88220897,0.89119202,0.87486328,0.98551954,,,,,,,,,,,,,,,,,,,,,,,,,,,,,,,,,,,,,,,
398,3.0677083e-05,3.1434667,3.1434667,,,,,,,,,,,,,,,,,,,,,,,,,,0.55564581,,,,,,,0.792725,0.88115078,0.89573421,0.86861294,0.98709709,,,,,,,,,,,,,,,,,,,,,,,,,,,,,,,,,,,,,,,
399,3.0112096e-05,3.1568517,3.1568517,,,,,,,,,,,,,,,,,,,,,,,,,,0.56216896,,,,,,,0.81319046,0.89468316,0.89668116,0.8937581,0.98592524,3.025512,3.025512,,,,,,,,,,,,,,,,,,,,,,,,,,0.54768774,,,,,,,0.81858947,0.89155351,0.87885687,0.91077256,0.98723874
400,2.9551959e-05,3.1449082,3.1449082,,,,,,,,,,,,,,,,,,,,,,,,,,0.55738659,,,,,,,0.80972312,0.89246338,0.90201041,0.88408439,0.98582447,,,,,,,,,,,,,,,,,,,,,,,,,,,,,,,,,,,,,,,
401,2.8996694e-05,3.1435896,3.1435896,,,,,,,,,,,,,,,,,,,,,,,,,,0.55717211,,,,,,,0.80554685,0.88931579,0.89528673,0.88445612,0.98743826,,,,,,,,,,,,,,,,,,,,,,,,,,,,,,,,,,,,,,,
402,2.8446323e-05,3.0663412,3.0663412,,,,,,,,,,,,,,,,,,,,,,,,,,0.54507431,,,,,,,0.81169803,0.89288606,0.90343936,0.88359972,0.98810493,,,,,,,,,,,,,,,,,,,,,,,,,,,,,,,,,,,,,,,
403,2.7900868e-05,3.1020644,3.1020644,,,,,,,,,,,,,,,,,,,,,,,,,,0.55245153,,,,,,,0.82792448,0.90375198,0.90457716,0.90369387,0.98724192,,,,,,,,,,,,,,,,,,,,,,,,,,,,,,,,,,,,,,,
404,2.7360351e-05,3.1351374,3.1351374,,,,,,,,,,,,,,,,,,,,,,,,,,0.55963203,,,,,,,0.81744902,0.89727645,0.90478571,0.89111286,0.98774703,,,,,,,,,,,,,,,,,,,,,,,,,,,,,,,,,,,,,,,
405,2.6824794e-05,3.0952395,3.0952395,,,,,,,,,,,,,,,,,,,,,,,,,,0.55246116,,,,,,,0.81877538,0.89765294,0.90304074,0.8935133,0.98692187,,,,,,,,,,,,,,,,,,,,,,,,,,,,,,,,,,,,,,,
406,2.6294219e-05,3.1656441,3.1656441,,,,,,,,,,,,,,,,,,,,,,,,,,0.55871004,,,,,,,0.803441,0.88805058,0.89017952,0.88761605,0.98720444,,,,,,,,,,,,,,,,,,,,,,,,,,,,,,,,,,,,,,,
407,2.5768647e-05,3.0892441,3.0892441,,,,,,,,,,,,,,,,,,,,,,,,,,0.55091943,,,,,,,0.82007571,0.898077,0.91228415,0.88519072,0.98693173,,,,,,,,,,,,,,,,,,,,,,,,,,,,,,,,,,,,,,,
408,2.52481e-05,3.1146512,3.1146512,,,,,,,,,,,,,,,,,,,,,,,,,,0.55188188,,,,,,,0.80347976,0.88799878,0.89548731,0.88233202,0.98644026,,,,,,,,,,,,,,,,,,,,,,,,,,,,,,,,,,,,,,,
409,2.4732597e-05,3.1246637,3.1246637,,,,,,,,,,,,,,,,,,,,,,,,,,0.55609761,,,,,,,0.80896509,0.89070398,0.89043767,0.89263152,0.98519557,3.0272903,3.0272903,,,,,,,,,,,,,,,,,,,,,,,,,,0.54793037,,,,,,,0.81751544,0.89080892,0.87917747,0.90901325,0.98712238
410,2.422216e-05,3.140296,3.140296,,,,,,,,,,,,,,,,,,,,,,,,,,0.55577576,,,,,,,0.80413108,0.88770659,0.899358,0.87761606,0.98568854,,,,,,,,,,,,,,,,,,,,,,,,,,,,,,,,,,,,,,,
411,2.371681e-05,3.0938665,3.0938665,,,,,,,,,,,,,,,,,,,,,,,,,,0.5489597,,,,,,,0.8153304,0.89618627,0.89495918,0.8993656,0.98466535,,,,,,,,,,,,,,,,,,,,,,,,,,,,,,,,,,,,,,,
412,2.3216566e-05,3.0761597,3.0761597,,,,,,,,,,,,,,,,,,,,,,,,,,0.54580714,,,,,,,0.8164808,0.89568386,0.90395251,0.88848446,0.9890646,,,,,,,,,,,,,,,,,,,,,,,,,,,,,,,,,,,,,,,
413,2.2721449e-05,3.1365946,3.1365946,,,,,,,,,,,,,,,,,,,,,,,,,,0.56067115,,,,,,,0.82073391,0.89863131,0.90620851,0.89191886,0.98681963,,,,,,,,,,,,,,,,,,,,,,,,,,,,,,,,,,,,,,,
414,2.223148e-05,3.1595122,3.1595122,,,,,,,,,,,,,,,,,,,,,,,,,,0.56004642,,,,,,,0.80724088,0.89088327,0.89873249,0.88399514,0.9875377,,,,,,,,,,,,,,,,,,,,,,,,,,,,,,,,,,,,,,,
415,2.1746677e-05,3.0590043,3.0590043,,,,,,,,,,,,,,,,,,,,,,,,,,0.54769086,,,,,,,0.83437358,0.90786226,0.91060912,0.90634238,0.98841651,,,,,,,,,,,,,,,,,,,,,,,,,,,,,,,,,,,,,,,
416,2.126706e-05,3.2221149,3.2221149,,,,,,,,,,,,,,,,,,,,,,,,,,0.565282,,,,,,,0.79159223,0.88034373,0.88059107,0.88145237,0.98765128,,,,,,,,,,,,,,,,,,,,,,,,,,,,,,,,,,,,,,,
417,2.0792648e-05,3.1169233,3.1169233,,,,,,,,,,,,,,,,,,,,,,,,,,0.55497711,,,,,,,0.81586126,0.89580529,0.90098183,0.89161868,0.98615643,,,,,,,,,,,,,,,,,,,,,,,,,,,,,,,,,,,,,,,
418,2.0323461e-05,3.1754408,3.1754408,,,,,,,,,,,,,,,,,,,,,,,,,,0.5620592,,,,,,,0.79243249,0.88068266,0.89310798,0.86973811,0.98688349,,,,,,,,,,,,,,,,,,,,,,,,,,,,,,,,,,,,,,,
419,1.9859518e-05,3.1375654,3.1375654,,,,,,,,,,,,,,,,,,,,,,,,,,0.55623367,,,,,,,0.8136002,0.89482856,0.90313254,0.88753894,0.98669439,3.0373884,3.0373884,,,,,,,,,,,,,,,,,,,,,,,,,,0.55066943,,,,,,,0.81905661,0.89178953,0.87430404,0.91663528,0.98723372
420,1.9400837e-05,3.2154921,3.2154921,,,,,,,,,,,,,,,,,,,,,,,,,,0.56870405,,,,,,,0.79593238,0.8842854,0.8854651,0.88401823,0.98653002,,,,,,,,,,,,,,,,,,,,,,,,,,,,,,,,,,,,,,,
421,1.8947436e-05,3.1541723,3.1541723,,,,,,,,,,,,,,,,,,,,,,,,,,0.55907013,,,,,,,0.80539015,0.8888735,0.89882553,0.88082704,0.98695555,,,,,,,,,,,,,,,,,,,,,,,,,,,,,,,,,,,,,,,
422,1.8499335e-05,3.0600361,3.0600361,,,,,,,,,,,,,,,,,,,,,,,,,,0.54479962,,,,,,,0.82855663,0.90291893,0.90688083,0.90048304,0.98696352,,,,,,,,,,,,,,,,,,,,,,,,,,,,,,,,,,,,,,,
423,1.805655e-05,3.0472049,3.0472049,,,,,,,,,,,,,,,,,,,,,,,,,,0.54509144,,,,,,,0.82529698,0.90226852,0.90866184,0.89688066,0.98714822,,,,,,,,,,,,,,,,,,,,,,,,,,,,,,,,,,,,,,,
424,1.76191e-05,3.0868498,3.0868498,,,,,,,,,,,,,,,,,,,,,,,,,,0.54969551,,,,,,,0.81752665,0.89670682,0.89766526,0.89833457,0.98736087,,,,,,,,,,,,,,,,,,,,,,,,,,,,,,,,,,,,,,,
425,1.7187003e-05,3.0443482,3.0443482,,,,,,,,,,,,,,,,,,,,,,,,,,0.54479494,,,,,,,0.82177134,0.90038196,0.91380972,0.8879443,0.98729624,,,,,,,,,,,,,,,,,,,,,,,,,,,,,,,,,,,,,,,
426,1.6760275e-05,3.1554889,3.1554889,,,,,,,,,,,,,,,,,,,,,,,,,,0.55757692,,,,,,,0.80374964,0.88766435,0.89526414,0.88101834,0.98725258,,,,,,,,,,,,,,,,,,,,,,,,,,,,,,,,,,,,,,,
427,1.6338935e-05,3.1676182,3.1676182,,,,,,,,,,,,,,,,,,,,,,,,,,0.56000446,,,,,,,0.80523153,0.88904446,0.89383404,0.8855036,0.98528357,,,,,,,,,,,,,,,,,,,,,,,,,,,,,,,,,,,,,,,
428,1.5922998e-05,3.0880282,3.0880282,,,,,,,,,,,,,,,,,,,,,,,,,,0.55108836,,,,,,,0.82326846,0.90130798,0.90342861,0.89985208,0.98699333,,,,,,,,,,,,,,,,,,,,,,,,,,,,,,,,,,,,,,,
429,1.5512483e-05,3.0944204,3.0944204,,,,,,,,,,,,,,,,,,,,,,,,,,0.54980627,,,,,,,0.81813625,0.89664421,0.90815398,0.88592497,0.98607712,3.0259833,3.0259833,,,,,,,,,,,,,,,,,,,,,,,,,,0.5482109,,,,,,,0.81880185,0.8916746,0.8780319,0.91185414,0.98724825
430,1.5107404e-05,3.1052883,3.1052883,,,,,,,,,,,,,,,,,,,,,,,,,,0.55468898,,,,,,,0.8214431,0.8995198,0.90387509,0.89622837,0.98686947,,,,,,,,,,,,,,,,,,,,,,,,,,,,,,,,,,,,,,,
431,1.4707779e-05,3.0552246,3.0552246,,,,,,,,,,,,,,,,,,,,,,,,,,0.54490767,,,,,,,0.81937282,0.8991428,0.91067532,0.88889539,0.98671846,,,,,,,,,,,,,,,,,,,,,,,,,,,,,,,,,,,,,,,
432,1.4313624e-05,3.0938799,3.0938799,,,,,,,,,,,,,,,,,,,,,,,,,,0.54904167,,,,,,,0.81239643,0.89183953,0.89761243,0.88812921,0.98651752,,,,,,,,,,,,,,,,,,,,,,,,,,,,,,,,,,,,,,,
433,1.3924954e-05,3.1391709,3.1391709,,,,,,,,,,,,,,,,,,,,,,,,,,0.56020193,,,,,,,0.82440963,0.90144992,0.90579266,0.89793837,0.98562404,,,,,,,,,,,,,,,,,,,,,,,,,,,,,,,,,,,,,,,
434,1.3541786e-05,3.1446223,3.1446223,,,,,,,,,,,,,,,,,,,,,,,,,,0.55272877,,,,,,,0.81088821,0.89250353,0.89673401,0.88974547,0.98753719,,,,,,,,,,,,,,,,,,,,,,,,,,,,,,,,,,,,,,,
435,1.3164134e-05,3.1022744,3.1022744,,,,,,,,,,,,,,,,,,,,,,,,,,0.5537516,,,,,,,0.81956714,0.89899323,0.90506391,0.89383755,0.98705885,,,,,,,,,,,,,,,,,,,,,,,,,,,,,,,,,,,,,,,
436,1.2792014e-05,3.1501479,3.1501479,,,,,,,,,,,,,,,,,,,,,,,,,,0.55981455,,,,,,,0.81808015,0.89627239,0.89949591,0.89395944,0.98727978,,,,,,,,,,,,,,,,,,,,,,,,,,,,,,,,,,,,,,,
437,1.2425441e-05,3.0094946,3.0094946,,,,,,,,,,,,,,,,,,,,,,,,,,0.54029762,,,,,,,0.83726016,0.91007104,0.91559061,0.9049995,0.9882019,,,,,,,,,,,,,,,,,,,,,,,,,,,,,,,,,,,,,,,
438,1.2064429e-05,3.0926524,3.0926524,,,,,,,,,,,,,,,,,,,,,,,,,,0.55024961,,,,,,,0.81661094,0.8959491,0.90272065,0.88986529,0.98680461,,,,,,,,,,,,,,,,,,,,,,,,,,,,,,,,,,,,,,,
439,1.1708994e-05,3.105672,3.105672,,,,,,,,,,,,,,,,,,,,,,,,,,0.55158355,,,,,,,0.8136304,0.89354939,0.89833957,0.88983541,0.98683534,3.026876,3.026876,,,,,,,,,,,,,,,,,,,,,,,,,,0.54838556,,,,,,,0.81910794,0.89185752,0.87870123,0.91140519,0.98724666
440,1.1359149e-05,3.159437,3.159437,,,,,,,,,,,,,,,,,,,,,,,,,,0.55794138,,,,,,,0.80565193,0.8897633,0.89656458,0.88401637,0.98677069,,,,,,,,,,,,,,,,,,,,,,,,,,,,,,,,,,,,,,,
441,1.1014909e-05,3.189378,3.189378,,,,,,,,,,,,,,,,,,,,,,,,,,0.56194245,,,,,,,0.80101048,0.88573433,0.89251554,0.88002241,0.98544532,,,,,,,,,,,,,,,,,,,,,,,,,,,,,,,,,,,,,,,
442,1.0676287e-05,3.0575693,3.0575693,,,,,,,,,,,,,,,,,,,,,,,,,,0.54361671,,,,,,,0.81930739,0.89806881,0.90683098,0.89016681,0.98804673,,,,,,,,,,,,,,,,,,,,,,,,,,,,,,,,,,,,,,,
443,1.0343297e-05,3.1198464,3.1198464,,,,,,,,,,,,,,,,,,,,,,,,,,0.56020498,,,,,,,0.83497925,0.90829437,0.91060318,0.90686245,0.985618,,,,,,,,,,,,,,,,,,,,,,,,,,,,,,,,,,,,,,,
444,1.0015953e-05,3.1483191,3.1483191,,,,,,,,,,,,,,,,,,,,,,,,,,0.55748808,,,,,,,0.80546506,0.88970848,0.89697389,0.8838668,0.98689154,,,,,,,,,,,,,,,,,,,,,,,,,,,,,,,,,,,,,,,
445,9.6942676e-06,3.0484166,3.0484166,,,,,,,,,,,,,,,,,,,,,,,,,,0.54648608,,,,,,,0.83309424,0.90617419,0.91351718,0.90063987,0.98709324,,,,,,,,,,,,,,,,,,,,,,,,,,,,,,,,,,,,,,,
446,9.3782537e-06,3.0417995,3.0417995,,,,,,,,,,,,,,,,,,,,,,,,,,0.5455991,,,,,,,0.83040911,0.90590797,0.91341985,0.89963196,0.98706004,,,,,,,,,,,,,,,,,,,,,,,,,,,,,,,,,,,,,,,
447,9.0679242e-06,3.1134613,3.1134613,,,,,,,,,,,,,,,,,,,,,,,,,,0.55406635,,,,,,,0.81716232,0.89612946,0.9020085,0.89119959,0.9867691,,,,,,,,,,,,,,,,,,,,,,,,,,,,,,,,,,,,,,,
448,8.7632915e-06,3.1441017,3.1441017,,,,,,,,,,,,,,,,,,,,,,,,,,0.55653067,,,,,,,0.80396243,0.88518611,0.89135532,0.88016029,0.98653628,,,,,,,,,,,,,,,,,,,,,,,,,,,,,,,,,,,,,,,
449,8.4643679e-06,3.0052615,3.0052615,,,,,,,,,,,,,,,,,,,,,,,,,,0.54124269,,,,,,,0.84536392,0.91398286,0.91873362,0.9105131,0.98551404,3.0224223,3.0224223,,,,,,,,,,,,,,,,,,,,,,,,,,0.54731593,,,,,,,0.81882862,0.89169735,0.87882617,0.9109411,0.98724963
450,8.1711655e-06,3.069766,3.069766,,,,,,,,,,,,,,,,,,,,,,,,,,0.54505302,,,,,,,0.81408596,0.893457,0.9063696,0.88255653,0.98836483,,,,,,,,,,,,,,,,,,,,,,,,,,,,,,,,,,,,,,,
451,7.8836961e-06,3.1220646,3.1220646,,,,,,,,,,,,,,,,,,,,,,,,,,0.55143213,,,,,,,0.79454262,0.88322038,0.89112799,0.8767099,0.9873818,,,,,,,,,,,,,,,,,,,,,,,,,,,,,,,,,,,,,,,
452,7.6019713e-06,3.1153814,3.1153814,,,,,,,,,,,,,,,,,,,,,,,,,,0.55393925,,,,,,,0.81840008,0.89728703,0.90150468,0.89461314,0.98825153,,,,,,,,,,,,,,,,,,,,,,,,,,,,,,,,,,,,,,,
453,7.3260023e-06,3.1865776,3.1865776,,,,,,,,,,,,,,,,,,,,,,,,,,0.56212209,,,,,,,0.79205192,0.88136574,0.88510372,0.87934362,0.9862066,,,,,,,,,,,,,,,,,,,,,,,,,,,,,,,,,,,,,,,
454,7.0558004e-06,3.0464229,3.0464229,,,,,,,,,,,,,,,,,,,,,,,,,,0.54279788,,,,,,,0.82541055,0.90147604,0.90831182,0.89609484,0.98535326,,,,,,,,,,,,,,,,,,,,,,,,,,,,,,,,,,,,,,,
455,6.7913765e-06,3.0280043,3.0280043,,,,,,,,,,,,,,,,,,,,,,,,,,0.54150878,,,,,,,0.82815614,0.90301062,0.90839735,0.89879516,0.98751122,,,,,,,,,,,,,,,,,,,,,,,,,,,,,,,,,,,,,,,
456,6.532741e-06,3.2013996,3.2013996,,,,,,,,,,,,,,,,,,,,,,,,,,0.56521722,,,,,,,0.80187646,0.88787681,0.89073909,0.88596225,0.98625414,,,,,,,,,,,,,,,,,,,,,,,,,,,,,,,,,,,,,,,
457,6.2799046e-06,3.1738968,3.1738968,,,,,,,,,,,,,,,,,,,,,,,,,,0.55821457,,,,,,,0.79942494,0.88515854,0.89024021,0.88109845,0.9874381,,,,,,,,,,,,,,,,,,,,,,,,,,,,,,,,,,,,,,,
458,6.0328773e-06,3.158205,3.158205,,,,,,,,,,,,,,,,,,,,,,,,,,0.55433896,,,,,,,0.7973323,0.88317453,0.8879012,0.87969681,0.98779689,,,,,,,,,,,,,,,,,,,,,,,,,,,,,,,,,,,,,,,
459,5.7916691e-06,3.0756933,3.0756933,,,,,,,,,,,,,,,,,,,,,,,,,,0.54987126,,,,,,,0.82568794,0.90226376,0.90938913,0.89628106,0.98661117,3.0254634,3.0254634,,,,,,,,,,,,,,,,,,,,,,,,,,0.5481077,,,,,,,0.8188841,0.89175761,0.87904449,0.91080909,0.98725402
460,5.5562898e-06,3.0876383,3.0876383,,,,,,,,,,,,,,,,,,,,,,,,,,0.54904712,,,,,,,0.81555755,0.89651178,0.89916264,0.89533439,0.98637098,,,,,,,,,,,,,,,,,,,,,,,,,,,,,,,,,,,,,,,
461,5.3267488e-06,3.13351,3.13351,,,,,,,,,,,,,,,,,,,,,,,,,,0.55523079,,,,,,,0.81677097,0.89493039,0.89642027,0.89443051,0.98740369,,,,,,,,,,,,,,,,,,,,,,,,,,,,,,,,,,,,,,,
462,5.1030553e-06,3.0182814,3.0182814,,,,,,,,,,,,,,,,,,,,,,,,,,0.54363708,,,,,,,0.84284285,0.91323504,0.91925726,0.90796756,0.98783337,,,,,,,,,,,,,,,,,,,,,,,,,,,,,,,,,,,,,,,
463,4.8852184e-06,3.2158201,3.2158201,,,,,,,,,,,,,,,,,,,,,,,,,,0.56817383,,,,,,,0.80012488,0.88574186,0.89071993,0.88188715,0.98586918,,,,,,,,,,,,,,,,,,,,,,,,,,,,,,,,,,,,,,,
464,4.6732469e-06,3.1117556,3.1117556,,,,,,,,,,,,,,,,,,,,,,,,,,0.55454833,,,,,,,0.8162817,0.89709462,0.90040431,0.89492195,0.9860713,,,,,,,,,,,,,,,,,,,,,,,,,,,,,,,,,,,,,,,
465,4.4671492e-06,3.0695406,3.0695406,,,,,,,,,,,,,,,,,,,,,,,,,,0.54732264,,,,,,,0.81858717,0.89659032,0.89731902,0.89647553,0.98765822,,,,,,,,,,,,,,,,,,,,,,,,,,,,,,,,,,,,,,,
466,4.2669337e-06,3.12013,3.12013,,,,,,,,,,,,,,,,,,,,,,,,,,0.55468762,,,,,,,0.82089875,0.89864701,0.90786636,0.89030654,0.98739891,,,,,,,,,,,,,,,,,,,,,,,,,,,,,,,,,,,,,,,
467,4.0726084e-06,3.0933671,3.0933671,,,,,,,,,,,,,,,,,,,,,,,,,,0.55178649,,,,,,,0.82460372,0.89925597,0.91080066,0.88893238,0.98791099,,,,,,,,,,,,,,,,,,,,,,,,,,,,,,,,,,,,,,,
468,3.8841813e-06,3.1275477,3.1275477,,,,,,,,,,,,,,,,,,,,,,,,,,0.55573464,,,,,,,0.81786271,0.89697126,0.90633373,0.8884536,0.98715965,,,,,,,,,,,,,,,,,,,,,,,,,,,,,,,,,,,,,,,
469,3.7016598e-06,3.1296865,3.1296865,,,,,,,,,,,,,,,,,,,,,,,,,,0.55518096,,,,,,,0.80843858,0.89206914,0.90032659,0.88583188,0.98692079,3.0196934,3.0196934,,,,,,,,,,,,,,,,,,,,,,,,,,0.54684746,,,,,,,0.81901507,0.89182408,0.87900691,0.91095064,0.98726333
470,3.5250513e-06,3.1442122,3.1442122,,,,,,,,,,,,,,,,,,,,,,,,,,0.5560429,,,,,,,0.80272096,0.88741827,0.89635421,0.88012654,0.98678809,,,,,,,,,,,,,,,,,,,,,,,,,,,,,,,,,,,,,,,
471,3.3543629e-06,3.1542516,3.1542516,,,,,,,,,,,,,,,,,,,,,,,,,,0.55986203,,,,,,,0.81263941,0.89420979,0.89901809,0.8907184,0.98687958,,,,,,,,,,,,,,,,,,,,,,,,,,,,,,,,,,,,,,,
472,3.1896015e-06,3.1212288,3.1212288,,,,,,,,,,,,,,,,,,,,,,,,,,0.55502819,,,,,,,0.81800041,0.89749589,0.90194534,0.89390312,0.98742801,,,,,,,,,,,,,,,,,,,,,,,,,,,,,,,,,,,,,,,
473,3.0307738e-06,3.157466,3.157466,,,,,,,,,,,,,,,,,,,,,,,,,,0.55839244,,,,,,,0.80977932,0.89256724,0.89907878,0.88744389,0.98605205,,,,,,,,,,,,,,,,,,,,,,,,,,,,,,,,,,,,,,,
474,2.8778861e-06,3.1899832,3.1899832,,,,,,,,,,,,,,,,,,,,,,,,,,0.56435793,,,,,,,0.79756548,0.88450208,0.88666503,0.88365454,0.98536304,,,,,,,,,,,,,,,,,,,,,,,,,,,,,,,,,,,,,,,
475,2.7309447e-06,3.123696,3.123696,,,,,,,,,,,,,,,,,,,,,,,,,,0.55575338,,,,,,,0.81464741,0.89397645,0.90139243,0.88725653,0.98696287,,,,,,,,,,,,,,,,,,,,,,,,,,,,,,,,,,,,,,,
476,2.5899553e-06,3.0048798,3.0048798,,,,,,,,,,,,,,,,,,,,,,,,,,0.53678664,,,,,,,0.82131449,0.89900022,0.90773549,0.89140949,0.98807715,,,,,,,,,,,,,,,,,,,,,,,,,,,,,,,,,,,,,,,
477,2.4549237e-06,3.0995272,3.0995272,,,,,,,,,,,,,,,,,,,,,,,,,,0.54882886,,,,,,,0.81184784,0.89305322,0.90252379,0.88471207,0.98737522,,,,,,,,,,,,,,,,,,,,,,,,,,,,,,,,,,,,,,,
478,2.3258554e-06,3.1382035,3.1382035,,,,,,,,,,,,,,,,,,,,,,,,,,0.55528485,,,,,,,0.80636759,0.88955109,0.89660253,0.88388905,0.9870327,,,,,,,,,,,,,,,,,,,,,,,,,,,,,,,,,,,,,,,
479,2.2027555e-06,3.2038919,3.2038919,,,,,,,,,,,,,,,,,,,,,,,,,,0.56272715,,,,,,,0.78992737,0.87872783,0.89121739,0.86775452,0.98831697,3.0220258,3.0220258,,,,,,,,,,,,,,,,,,,,,,,,,,0.54741937,,,,,,,0.81870913,0.89165216,0.87983303,0.90967445,0.98725128
480,2.085629e-06,3.1525669,3.1525669,,,,,,,,,,,,,,,,,,,,,,,,,,0.55996256,,,,,,,0.80926355,0.89206421,0.90212186,0.88321319,0.98626294,,,,,,,,,,,,,,,,,,,,,,,,,,,,,,,,,,,,,,,
481,1.9744806e-06,3.0856432,3.0856432,,,,,,,,,,,,,,,,,,,,,,,,,,0.5473018,,,,,,,0.81561754,0.89433111,0.90423539,0.88534576,0.98792371,,,,,,,,,,,,,,,,,,,,,,,,,,,,,,,,,,,,,,,
482,1.8693147e-06,3.1361914,3.1361914,,,,,,,,,,,,,,,,,,,,,,,,,,0.55259738,,,,,,,0.79933441,0.88400467,0.89314591,0.87601365,0.9883113,,,,,,,,,,,,,,,,,,,,,,,,,,,,,,,,,,,,,,,
483,1.7701358e-06,3.1323771,3.1323771,,,,,,,,,,,,,,,,,,,,,,,,,,0.55502351,,,,,,,0.80213814,0.88656206,0.89024295,0.88423417,0.98680719,,,,,,,,,,,,,,,,,,,,,,,,,,,,,,,,,,,,,,,
484,1.6769476e-06,3.1506946,3.1506946,,,,,,,,,,,,,,,,,,,,,,,,,,0.55920163,,,,,,,0.81568862,0.8956957,0.89633417,0.89611848,0.98517023,,,,,,,,,,,,,,,,,,,,,,,,,,,,,,,,,,,,,,,
485,1.589754e-06,3.0935624,3.0935624,,,,,,,,,,,,,,,,,,,,,,,,,,0.54979835,,,,,,,0.81548197,0.89591591,0.89948154,0.89333046,0.98644059,,,,,,,,,,,,,,,,,,,,,,,,,,,,,,,,,,,,,,,
486,1.5085584e-06,3.1474589,3.1474589,,,,,,,,,,,,,,,,,,,,,,,,,,0.55920191,,,,,,,0.81326,0.8951096,0.89953241,0.89124004,0.98645045,,,,,,,,,,,,,,,,,,,,,,,,,,,,,,,,,,,,,,,
487,1.4333643e-06,3.111965,3.111965,,,,,,,,,,,,,,,,,,,,,,,,,,0.55353912,,,,,,,0.81610185,0.89553456,0.89917404,0.8931405,0.98645636,,,,,,,,,,,,,,,,,,,,,,,,,,,,,,,,,,,,,,,
488,1.3641745e-06,3.1018925,3.1018925,,,,,,,,,,,,,,,,,,,,,,,,,,0.5509367,,,,,,,0.8139075,0.8944337,0.90478023,0.88517577,0.98651162,,,,,,,,,,,,,,,,,,,,,,,,,,,,,,,,,,,,,,,
489,1.3009919e-06,3.1567165,3.1567165,,,,,,,,,,,,,,,,,,,,,,,,,,0.55897526,,,,,,,0.81217738,0.89193395,0.8940994,0.89065005,0.9859784,3.0229824,3.0229824,,,,,,,,,,,,,,,,,,,,,,,,,,0.54774307,,,,,,,0.81881304,0.89171712,0.8798409,0.90976235,0.98726011
490,1.243819e-06,3.1475708,3.1475708,,,,,,,,,,,,,,,,,,,,,,,,,,0.5582753,,,,,,,0.80872235,0.8909393,0.9008391,0.88199522,0.98725789,,,,,,,,,,,,,,,,,,,,,,,,,,,,,,,,,,,,,,,
491,1.1926581e-06,3.0543035,3.0543035,,,,,,,,,,,,,,,,,,,,,,,,,,0.5425495,,,,,,,0.81267172,0.89441522,0.90231252,0.88711329,0.98980014,,,,,,,,,,,,,,,,,,,,,,,,,,,,,,,,,,,,,,,
492,1.1475113e-06,3.126622,3.126622,,,,,,,,,,,,,,,,,,,,,,,,,,0.55420826,,,,,,,0.80706229,0.88971463,0.89359609,0.88716849,0.98627514,,,,,,,,,,,,,,,,,,,,,,,,,,,,,,,,,,,,,,,
493,1.1083804e-06,3.1033659,3.1033659,,,,,,,,,,,,,,,,,,,,,,,,,,0.5551084,,,,,,,0.82985553,0.90525476,0.90474986,0.9068748,0.98590128,,,,,,,,,,,,,,,,,,,,,,,,,,,,,,,,,,,,,,,
494,1.0752669e-06,3.0795774,3.0795774,,,,,,,,,,,,,,,,,,,,,,,,,,0.54913241,,,,,,,0.81759824,0.89599455,0.90651762,0.88661598,0.98679148,,,,,,,,,,,,,,,,,,,,,,,,,,,,,,,,,,,,,,,
495,1.0481723e-06,3.1132459,3.1132459,,,,,,,,,,,,,,,,,,,,,,,,,,0.55361753,,,,,,,0.81052687,0.89270919,0.90017826,0.88657056,0.98629002,,,,,,,,,,,,,,,,,,,,,,,,,,,,,,,,,,,,,,,
496,1.0270975e-06,3.1400193,3.1400193,,,,,,,,,,,,,,,,,,,,,,,,,,0.55434187,,,,,,,0.79997547,0.88575818,0.89156415,0.8818607,0.98664329,,,,,,,,,,,,,,,,,,,,,,,,,,,,,,,,,,,,,,,
497,1.0120436e-06,3.1660395,3.1660395,,,,,,,,,,,,,,,,,,,,,,,,,,0.55774426,,,,,,,0.81162891,0.89275256,0.89908799,0.88741832,0.98580969,,,,,,,,,,,,,,,,,,,,,,,,,,,,,,,,,,,,,,,
498,1.0030109e-06,3.008048,3.008048,,,,,,,,,,,,,,,,,,,,,,,,,,0.53835192,,,,,,,0.83139257,0.90578975,0.91412418,0.89944561,0.98753963,,,,,,,,,,,,,,,,,,,,,,,,,,,,,,,,,,,,,,,
499,1e-06,3.1361596,3.1361596,,,,,,,,,,,,,,,,,,,,,,,,,,0.55777461,,,,,,,0.81250472,0.89316216,0.89988856,0.88731767,0.98662841,3.0236755,3.0236755,,,,,,,,,,,,,,,,,,,,,,,,,,0.54780552,,,,,,,0.8188717,0.89174357,0.87943869,0.91029345,0.98725825
